{
  "parent": "minecraft:recipes/root",
  "rewards": {
    "recipes": [
      "minecraft:warped_fungus_on_a_stick"
    ]
  },
  "criteria": {
    "has_warped_fungus": {
      "trigger": "minecraft:inventory_changed",
      "conditions": {
        "items": [
          {
            "items": [
              "minecraft:warped_fungus"
            ]
          }
        ]
      }
    },
    "has_the_recipe": {
      "trigger": "minecraft:recipe_unlocked",
      "conditions": {
        "recipe": "minecraft:warped_fungus_on_a_stick"
      }
    }
  },
  "requirements": [
    [
      "has_warped_fungus",
      "has_the_recipe"
    ]
  ]
}