{
  "parent": "minecraft:recipes/root",
  "rewards": {
    "recipes": [
      "minecraft:comparator"
    ]
  },
  "criteria": {
    "has_quartz": {
      "trigger": "minecraft:inventory_changed",
      "conditions": {
        "items": [
          {
            "items": [
              "minecraft:quartz"
            ]
          }
        ]
      }
    },
    "has_the_recipe": {
      "trigger": "minecraft:recipe_unlocked",
      "conditions": {
        "recipe": "minecraft:comparator"
      }
    }
  },
  "requirements": [
    [
      "has_quartz",
      "has_the_recipe"
    ]
  ]
}