{
  "parent": "minecraft:recipes/root",
  "rewards": {
    "recipes": [
      "minecraft:redstone_from_blasting_deepslate_redstone_ore"
    ]
  },
  "criteria": {
    "has_deepslate_redstone_ore": {
      "trigger": "minecraft:inventory_changed",
      "conditions": {
        "items": [
          {
            "items": [
              "minecraft:deepslate_redstone_ore"
            ]
          }
        ]
      }
    },
    "has_the_recipe": {
      "trigger": "minecraft:recipe_unlocked",
      "conditions": {
        "recipe": "minecraft:redstone_from_blasting_deepslate_redstone_ore"
      }
    }
  },
  "requirements": [
    [
      "has_deepslate_redstone_ore",
      "has_the_recipe"
    ]
  ]
}