{
  "parent": "minecraft:recipes/root",
  "rewards": {
    "recipes": [
      "minecraft:target"
    ]
  },
  "criteria": {
    "has_redstone": {
      "trigger": "minecraft:inventory_changed",
      "conditions": {
        "items": [
          {
            "items": [
              "minecraft:redstone"
            ]
          }
        ]
      }
    },
    "has_hay_block": {
      "trigger": "minecraft:inventory_changed",
      "conditions": {
        "items": [
          {
            "items": [
              "minecraft:hay_block"
            ]
          }
        ]
      }
    },
    "has_the_recipe": {
      "trigger": "minecraft:recipe_unlocked",
      "conditions": {
        "recipe": "minecraft:target"
      }
    }
  },
  "requirements": [
    [
      "has_redstone",
      "has_hay_block",
      "has_the_recipe"
    ]
  ]
}