{
  "parent": "minecraft:recipes/root",
  "rewards": {
    "recipes": [
      "minecraft:black_glazed_terracotta"
    ]
  },
  "criteria": {
    "has_black_terracotta": {
      "trigger": "minecraft:inventory_changed",
      "conditions": {
        "items": [
          {
            "items": [
              "minecraft:black_terracotta"
            ]
          }
        ]
      }
    },
    "has_the_recipe": {
      "trigger": "minecraft:recipe_unlocked",
      "conditions": {
        "recipe": "minecraft:black_glazed_terracotta"
      }
    }
  },
  "requirements": [
    [
      "has_black_terracotta",
      "has_the_recipe"
    ]
  ]
}