{
  "parent": "minecraft:recipes/root",
  "rewards": {
    "recipes": [
      "minecraft:mossy_stone_brick_wall"
    ]
  },
  "criteria": {
    "has_mossy_stone_bricks": {
      "trigger": "minecraft:inventory_changed",
      "conditions": {
        "items": [
          {
            "items": [
              "minecraft:mossy_stone_bricks"
            ]
          }
        ]
      }
    },
    "has_the_recipe": {
      "trigger": "minecraft:recipe_unlocked",
      "conditions": {
        "recipe": "minecraft:mossy_stone_brick_wall"
      }
    }
  },
  "requirements": [
    [
      "has_mossy_stone_bricks",
      "has_the_recipe"
    ]
  ]
}