{
  "parent": "minecraft:recipes/root",
  "rewards": {
    "recipes": [
      "minecraft:orange_bed_from_white_bed"
    ]
  },
  "criteria": {
    "has_bed": {
      "trigger": "minecraft:inventory_changed",
      "conditions": {
        "items": [
          {
            "items": [
              "minecraft:white_bed"
            ]
          }
        ]
      }
    },
    "has_the_recipe": {
      "trigger": "minecraft:recipe_unlocked",
      "conditions": {
        "recipe": "minecraft:orange_bed_from_white_bed"
      }
    }
  },
  "requirements": [
    [
      "has_bed",
      "has_the_recipe"
    ]
  ]
}