{
  "parent": "minecraft:recipes/root",
  "rewards": {
    "recipes": [
      "minecraft:pink_stained_glass_pane_from_glass_pane"
    ]
  },
  "criteria": {
    "has_glass_pane": {
      "trigger": "minecraft:inventory_changed",
      "conditions": {
        "items": [
          {
            "items": [
              "minecraft:glass_pane"
            ]
          }
        ]
      }
    },
    "has_pink_dye": {
      "trigger": "minecraft:inventory_changed",
      "conditions": {
        "items": [
          {
            "items": [
              "minecraft:pink_dye"
            ]
          }
        ]
      }
    },
    "has_the_recipe": {
      "trigger": "minecraft:recipe_unlocked",
      "conditions": {
        "recipe": "minecraft:pink_stained_glass_pane_from_glass_pane"
      }
    }
  },
  "requirements": [
    [
      "has_glass_pane",
      "has_pink_dye",
      "has_the_recipe"
    ]
  ]
}