{
  "parent": "minecraft:recipes/root",
  "rewards": {
    "recipes": [
      "minecraft:polished_deepslate_wall_from_polished_deepslate_stonecutting"
    ]
  },
  "criteria": {
    "has_polished_deepslate": {
      "trigger": "minecraft:inventory_changed",
      "conditions": {
        "items": [
          {
            "items": [
              "minecraft:polished_deepslate"
            ]
          }
        ]
      }
    },
    "has_the_recipe": {
      "trigger": "minecraft:recipe_unlocked",
      "conditions": {
        "recipe": "minecraft:polished_deepslate_wall_from_polished_deepslate_stonecutting"
      }
    }
  },
  "requirements": [
    [
      "has_polished_deepslate",
      "has_the_recipe"
    ]
  ]
}