{
  "parent": "minecraft:recipes/root",
  "rewards": {
    "recipes": [
      "minecraft:purple_candle"
    ]
  },
  "criteria": {
    "has_purple_dye": {
      "trigger": "minecraft:inventory_changed",
      "conditions": {
        "items": [
          {
            "items": [
              "minecraft:purple_dye"
            ]
          }
        ]
      }
    },
    "has_the_recipe": {
      "trigger": "minecraft:recipe_unlocked",
      "conditions": {
        "recipe": "minecraft:purple_candle"
      }
    }
  },
  "requirements": [
    [
      "has_purple_dye",
      "has_the_recipe"
    ]
  ]
}