{
  "parent": "minecraft:recipes/root",
  "rewards": {
    "recipes": [
      "minecraft:red_nether_brick_wall_from_red_nether_bricks_stonecutting"
    ]
  },
  "criteria": {
    "has_red_nether_bricks": {
      "trigger": "minecraft:inventory_changed",
      "conditions": {
        "items": [
          {
            "items": [
              "minecraft:red_nether_bricks"
            ]
          }
        ]
      }
    },
    "has_the_recipe": {
      "trigger": "minecraft:recipe_unlocked",
      "conditions": {
        "recipe": "minecraft:red_nether_brick_wall_from_red_nether_bricks_stonecutting"
      }
    }
  },
  "requirements": [
    [
      "has_red_nether_bricks",
      "has_the_recipe"
    ]
  ]
}