{
  "parent": "minecraft:recipes/root",
  "rewards": {
    "recipes": [
      "minecraft:soul_torch"
    ]
  },
  "criteria": {
    "has_soul_sand": {
      "trigger": "minecraft:inventory_changed",
      "conditions": {
        "items": [
          {
            "tag": "minecraft:soul_fire_base_blocks"
          }
        ]
      }
    },
    "has_the_recipe": {
      "trigger": "minecraft:recipe_unlocked",
      "conditions": {
        "recipe": "minecraft:soul_torch"
      }
    }
  },
  "requirements": [
    [
      "has_soul_sand",
      "has_the_recipe"
    ]
  ]
}