{"stats":{"minecraft:used":{"craftingstation:crafting_station":1,"minecraft:iron_pickaxe":1,"minecraft:chest":3,"minecraft:crafting_table":2,"minecraft:furnace":5,"minecraft:oak_sapling":1,"silentgear:axe":7,"silentgear:shovel":50},"minecraft:custom":{"minecraft:time_since_rest":17569,"minecraft:sprint_one_cm":15222,"minecraft:damage_taken":50,"minecraft:walk_one_cm":8400,"minecraft:drop":34,"minecraft:interact_with_crafting_table":6,"minecraft:fly_one_cm":23743,"minecraft:open_barrel":12,"minecraft:crouch_one_cm":8050,"minecraft:play_time":17569,"minecraft:sneak_time":2560,"minecraft:jump":83,"minecraft:leave_game":2,"minecraft:time_since_death":17569,"minecraft:total_world_time":17569,"minecraft:fall_one_cm":3949},"minecraft:dropped":{"botania:endoflame":4,"botania:mana_spreader":1,"botania:mana_pool":1,"botania:pure_daisy":3,"botania:yellow_mystical_flower":8,"silentgear:shovel":1,"botania:cyan_mystical_flower":4,"botania:brown_mystical_flower":8,"botania:red_mystical_flower":4,"botania:green_mystical_flower":8,"botania:black_mystical_flower":8,"botania:twig_wand":1,"botania:gray_mystical_flower":8,"botania:purple_mystical_flower":8,"botania:blue_mystical_flower":4,"silentgear:axe":1,"botania:pink_mystical_flower":8,"botania:flower_bag":1,"botania:lime_mystical_flower":8,"botania:magenta_mystical_flower":4,"botania:light_gray_mystical_flower":8,"botania:light_blue_mystical_flower":4},"minecraft:mined":{"minecraft:furnace":1,"minecraft:dandelion":1,"minecraft:cornflower":1,"minecraft:crafting_table":1,"minecraft:grass":15,"minecraft:grass_block":74,"minecraft:oak_log":11,"minecraft:sunflower":1,"minecraft:dirt":7,"minecraft:oxeye_daisy":2},"minecraft:crafted":{"minecraft:oak_planks":40,"silentgear:shovel":1,"minecraft:crafting_table":2,"silentgear:axe":1,"minecraft:stick":4,"minecraft:chest":3,"minecraft:furnace":5,"craftingstation:crafting_station":1},"minecraft:picked_up":{"minecraft:stick":2,"minecraft:crafting_table":1,"botania:red_mystical_flower":4,"botania:twig_wand":1,"botania:yellow_mystical_flower":8,"minecraft:dandelion":1,"minecraft:oak_log":10,"botania:flower_bag":1,"minecraft:cornflower":1,"minecraft:dirt":76,"botania:black_mystical_flower":8,"botania:endoflame":4,"botania:light_blue_mystical_flower":4,"botania:magenta_mystical_flower":4,"botania:lime_mystical_flower":8,"botania:cyan_mystical_flower":4,"minecraft:apple":1,"botania:light_gray_mystical_flower":8,"botania:pink_mystical_flower":8,"botania:purple_mystical_flower":4,"botania:blue_mystical_flower":4,"minecraft:oak_sapling":4,"botania:green_mystical_flower":8,"minecraft:oxeye_daisy":2,"botania:gray_mystical_flower":8,"botania:brown_mystical_flower":8,"botania:mana_spreader":1,"botania:mana_pool":1,"minecraft:furnace":1,"minecraft:sunflower":1}},"DataVersion":3465}