{"stats":{"minecraft:crafted":{"pipez:wrench":1,"mekanism:ingot_osmium":22,"minecraft:dark_oak_wood":3,"mekanism:electrolytic_separator":1,"pipez:item_pipe":96,"thermal:copper_gear":2,"minecraft:diamond_shovel":1,"refinedstorage:storage_monitor":1,"minecraft:bookshelf":53,"refinedstorage:64k_storage_part":6,"thermal:machine_frame":1,"minecraft:iron_bars":16,"minecraft:quartz_block":12,"minecraft:glass":98,"refinedstorage:crafting_grid":1,"refinedstorage:grid":2,"thermal:lead_gear":10,"minecraft:end_stone":96,"mekanism:rotary_condensentrator":2,"refinedstorage:processor_binding":664,"mekanism:energy_tablet":52,"refinedstorage:raw_advanced_processor":96,"create:scoria":1,"minecraft:emerald":52,"exdeorum:oak_barrel":10,"mekanism:chemical_injection_chamber":1,"refinedstorage:storage_housing":4,"minecraft:gravel":512,"minecraft:moss_block":2,"minecraft:copper_ingot":5,"craftingstation:crafting_station":2,"createaddition:electrum_ingot":448,"minecraft:fletching_table":9,"minecraft:campfire":4,"mekanism:ingot_lead":8,"thermal:tin_gear":1,"thermal:machine_speed_augment":5,"minecraft:lectern":1,"thermal:redstone_servo":1,"exdeorum:flint_mesh":3,"thermal:potion_duration_augment":1,"minecraft:iron_block":518,"exdeorum:compressed_diamond_hammer":1,"minecraft:gold_ingot":820,"refinedstorage:importer":9,"mekanism:advanced_fluid_tank":2,"refinedstorage:machine_casing":8,"minecraft:fire_charge":15,"thermal:apatite_dust":56,"mekanism:osmium_ore":22,"minecraft:golden_carrot":177,"minecraft:iron_nugget":9,"thermal:rf_coil_augment":1,"minecraft:diamond_hoe":1,"minecraft:cobbled_deepslate":933,"mekanism:basic_chemical_tank":6,"exmachinis:gold_upgrade":30,"thermal:lumium_gear":2,"minecraft:quartz":1272,"thermal:invar_ingot":6,"minecraft:diamond":54,"minecraft:polished_diorite":76,"refinedstorage:network_card":18,"mekanism:electric_pump":1,"silentgear:emerald_shard":9,"minecraft:redstone_block":81,"thermal:invar_dust":93,"minecraft:dark_oak_planks":64,"rftoolsbase:filter_module":4,"thermal_extra:soul_infused_gear":10,"exdeorum:diamond_hammer":13,"minecraft:enchanting_table":1,"mekanism:dynamic_tank":4,"exdeorum:compressed_stone_hammer":2,"refinedstorage:raw_improved_processor":158,"minecraft:deepslate_tiles":1152,"minecraft:glowstone":710,"cobblefordays:tier_5":1,"refinedstorage:security_manager":1,"minecraft:cobblestone":18,"refinedstorage:raw_basic_processor":276,"minecraft:black_glazed_terracotta":12,"minecraft:deepslate_tile_stairs":6,"minecraft:white_bed":3,"refinedstorage:improved_processor":5,"thermal:device_rock_gen":1,"minecraft:brick":440,"thermal:nickel_ore":9,"minecraft:oak_planks":1508,"refinedstorage:security_card":9,"minecraft:cobblestone_slab":912,"minecraft:barrel":1,"mekanism:electrolytic_core":1,"refinedstorage:cable":108,"sophisticatedstorage:barrel":1,"refinedstorage:controller":1,"minecraft:stone":67,"refinedstorage:64k_storage_disk":5,"minecraft:suspicious_stew":24,"pipez:fluid_pipe":64,"minecraft:quartz_pillar":12,"minecraft:hopper":16,"minecraft:bow":1,"refinedstorage:4k_storage_part":54,"exdeorum:compressed_cobblestone":249,"minecraft:cyan_terracotta":72,"rftoolsutility:crafter1":2,"minecraft:chest":39,"thermal:machine_pulverizer":1,"minecraft:copper_block":71,"mekanism:basic_fluid_tank":4,"refinedstorage:disk_drive":1,"minecraft:chiseled_stone_bricks":52,"mekanism:ingot_steel":26,"mekanism:elite_control_circuit":2,"exdeorum:stone_hammer":18,"minecraft:dropper":12,"minecraft:oak_slab":108,"mekanism:block_osmium":82,"minecraft:arrow":192,"minecraft:cauldron":5,"minecraft:crafting_table":35,"minecraft:gold_ore":11,"refinedstorage:exporter":7,"mekanism:nugget_lead":27,"minecraft:gold_block":39,"mekanism:purification_chamber":2,"refinedstorage:basic_processor":32,"thermal:dynamo_throttle_augment":1,"rftoolsutility:crafter2":2,"minecraft:apple":128,"thermal:nickel_ingot":28,"mekanism:steel_casing":6,"minecraft:book":1,"minecraft:paper":60,"minecraft:diamond_pickaxe":1,"minecraft:emerald_block":309,"exdeorum:compressed_end_stone":2,"rftoolsutility:crafter3":2,"minecraft:stick":1876,"mekanism:crusher":1,"thermal:tin_block":101,"minecraft:iron_ingot":72,"minecraft:iron_ore":42,"minecraft:redstone_torch":15,"minecraft:deepslate_bricks":1153,"mekanism:block_lead":104,"exmachinis:flux_sieve":1,"thermal_extra:machine_speed_augment_1":2,"thermal:obsidian_glass":2,"minecraft:cookie":432,"thermal:nickel_block":130,"minecraft:redstone":1944,"minecraft:coal":144,"mekanismgenerators:wind_generator":25,"rftoolsbase:machine_frame":2,"thermal:silver_block":76,"refinedstorage:16k_storage_part":18,"mekanism:pressurized_reaction_chamber":1,"minecraft:furnace":10,"thermal:lumium_ingot":8,"minecraft:piston":2,"refinedstorage:quartz_enriched_iron":748,"minecraft:end_stone_bricks":100,"mekanism:jetpack":1,"minecraft:diamond_block":416,"minecraft:glass_pane":32,"refinedstorage:destruction_core":14,"refinedstorage:advanced_processor":6,"minecraft:leather":1,"minecraft:polished_deepslate":1152,"refinedstorage:filter":2,"exdeorum:string_mesh":3,"thermal_extra:soul_infused_dust":46,"thermal:constantan_ingot":4,"refinedstorage:silicon":64,"sophisticatedstorage:iron_barrel":1,"minecraft:glistering_melon_slice":72,"refinedstorage:1k_storage_part":168,"refinedstorage:1k_storage_disk":2,"minecraft:cyan_dye":10,"thermal:constantan_gear":1,"mekanism:metallurgic_infuser":3,"pipez:energy_pipe":128,"minecraft:copper_ore":5,"minecraft:bucket":11,"minecraft:air":0,"minecraft:bread":192,"mekanism:upgrade_speed":8,"minecraft:blue_dye":47,"minecraft:white_wool":73,"exdeorum:compressed_gravel":244,"minecraft:gold_nugget":108,"mekanism:enrichment_chamber":3,"refinedstorage:construction_core":15,"mekanism:advanced_control_circuit":6,"minecraft:anvil":1,"minecraft:stonecutter":2,"exmachinis:flux_hammer":3,"minecraft:torch":284,"thermal:rf_coil":7,"minecraft:clay":72,"minecraft:lapis_block":671},"minecraft:killed":{"minecraft:skeleton":118,"minecraft:iron_golem":2,"minecraft:zombie":179,"minecraft:zombified_piglin":14,"minecraft:spider":2,"minecraft:zombie_villager":2,"minecraft:creeper":151,"minecraft:blaze":1,"minecraft:phantom":2},"minecraft:broken":{"exdeorum:compressed_stone_hammer":2},"minecraft:picked_up":{"minecraft:prismarine_shard":1,"mysticalagriculture:water_seeds":1,"exdeorum:iron_ore_chunk":5,"refinedstorage:controller":1,"minecraft:golden_sword":2,"mysticalagriculture:prosperity_seed_base":1,"refinedstorage:grid":1,"exdeorum:grass_seeds":18,"minecraft:string":69,"thermal:tin_ingot":59,"pipez:energy_pipe":45,"mysticalagriculture:inferium_essence":145,"minecraft:gold_nugget":8,"minecraft:cobbled_deepslate":23,"refinedstorage:64k_storage_disk":1,"minecraft:melon_slice":133,"mysticalagriculture:prosperity_shard":649,"mysticalagriculture:inferium_seeds":26,"exdeorum:compressed_gravel":22,"minecraft:deepslate_tile_stairs":2,"refinedstorage:disk_drive":2,"minecraft:cauldron":11,"silentgear:axe_blueprint":3,"ars_nouveau:worn_notebook":1,"refinedstorage:1k_storage_disk":4,"mysticalagriculture:prudentium_essence":4,"minecraft:blaze_rod":1,"minecraft:iron_bars":4,"minecraft:feather":2,"minecraft:flint":135,"exdeorum:nickel_ore_chunk":3,"pipez:fluid_pipe":24,"minecraft:stonecutter":10,"minecraft:dark_oak_sign":3,"minecraft:glowstone_dust":87,"mekanism:metallurgic_infuser":1,"thermal:nickel_ore":25,"exdeorum:flint_mesh":1,"minecraft:dark_oak_log":158,"minecraft:bundle":4,"exdeorum:diamond_mesh":10,"exdeorum:copper_ore_chunk":2,"minecraft:bread":40,"minecraft:diamond_pickaxe":3,"silentgear:rod_blueprint":1,"minecraft:coarse_dirt":12,"minecraft:crafting_table":2,"minecraft:clay_ball":96,"silentgear:pickaxe_blueprint":1,"exdeorum:granite_pebble":49,"refinedstorage:exporter":19,"exdeorum:zinc_ore_chunk":6,"minecraft:iron_nugget":5,"minecraft:poppy":130,"refinedstorage:storage_monitor":6,"minecraft:chest":15,"mysticalagriculture:nature_seeds":1,"pipez:item_pipe":20,"sophisticatedbackpacks:backpack":1,"minecraft:carrot":163,"exdeorum:silk_worm":2,"minecraft:deepslate_bricks":8,"mekanism:chemical_injection_chamber":2,"mysticalagriculture:water_essence":1,"exdeorum:andesite_pebble":42,"mekanism:electric_pump":4,"mysticalagriculture:fertilized_essence":44,"rftoolspower:coalgenerator":1,"minecraft:oak_log":1796,"minecraft:paper":1,"exdeorum:compressed_cobblestone":2,"mysticalagriculture:gold_essence":7,"minecraft:apple":2,"exdeorum:stone_pebble":546,"tombstone:bag_of_seeds":4,"minecraft:glass_bottle":4,"mysticalagriculture:wood_essence":2,"refinedstorage:security_card":6,"exdeorum:deepslate_pebble":753,"minecraft:dark_oak_slab":9,"mysticalagriculture:iron_essence":17,"exdeorum:lead_ore_chunk":1,"minecraft:gravel":2573,"minecraft:spruce_sapling":1,"minecraft:sea_lantern":1,"minecraft:polished_diorite":66,"minecraft:melon_seeds":2,"minecraft:hopper":9,"minecraft:ender_pearl":1,"exdeorum:mycelium_spores":10,"minecraft:wheat":20,"mekanism:electrolytic_separator":10,"mysticalagriculture:iron_seeds":16,"mysticalagriculture:dirt_essence":15,"minecraft:deepslate_tiles":207,"minecraft:bucket":2,"minecraft:cobblestone_slab":163,"minecraft:deepslate_tile_wall":9,"minecraft:furnace":5,"minecraft:stick":19,"minecraft:torch":92,"mekanism:advanced_fluid_tank":6,"minecraft:pointed_dripstone":5,"tombstone:grave_dust":40,"thermal:machine_furnace":3,"minecraft:quartz_block":1,"minecraft:cactus":59,"minecraft:rotten_flesh":214,"silentgear:leather_scrap":14,"mysticalagriculture:brass_seeds":1,"exdeorum:tin_ore_chunk":8,"silentgear:shovel_blueprint":1,"minecraft:obsidian":7,"minecraft:cobblestone":392,"exdeorum:osmium_ore_chunk":1,"minecraft:potato":144,"mysticalagriculture:dirt_seeds":1,"minecraft:lapis_lazuli":189,"minecraft:dirt":564,"minecraft:leather_boots":1,"minecraft:bone":184,"minecraft:bow":3,"minecraft:wheat_seeds":42,"minecraft:fletching_table":12,"minecraft:bamboo":5,"minecraft:oak_planks":2188,"mekanism:rotary_condensentrator":7,"mysticalagriculture:nature_essence":11,"minecraft:poisonous_potato":3,"minecraft:sand":1620,"exdeorum:crushed_end_stone":18,"minecraft:dead_bush":3,"minecraft:grass_block":11,"minecraft:diamond":5,"mysticalagriculture:redstone_seeds":286,"minecraft:oak_sapling":72,"minecraft:netherrack":12,"minecraft:charcoal":280,"mysticalagriculture:redstone_essence":278,"exdeorum:oak_barrel":10,"thermal:silver_ingot":63,"exdeorum:compressed_diamond_hammer":1,"mysticalagriculture:gold_seeds":3,"minecraft:lectern":3,"minecraft:sugar_cane":120,"minecraft:dark_oak_sapling":25,"minecraft:raw_iron":6,"minecraft:end_stone":24,"minecraft:dark_oak_planks":2,"minecraft:arrow":148,"exdeorum:diorite_pebble":35,"mysticalagriculture:nether_quartz_essence":182,"mysticalagriculture:nether_quartz_seeds":185,"silentgear:knife_blueprint":1,"silentgear:machete_blueprint":1,"minecraft:air":0,"minecraft:cobblestone_wall":7,"minecraft:gunpowder":169,"thermal:niter_dust":128,"exdeorum:oak_sieve":12,"minecraft:iron_ingot":7,"refinedstorage:cable":29,"minecraft:soul_sand":4,"mysticalagriculture:end_seeds":33,"minecraft:book":6,"mysticalagriculture:end_essence":33,"mekanism:ingot_steel":10,"minecraft:oak_slab":22,"minecraft:quartz":1,"minecraft:dandelion":2,"mekanism:basic_chemical_tank":2,"minecraft:amethyst_shard":68,"tombstone:book_of_magic_impregnation":1,"minecraft:white_bed":6,"mysticalagriculture:wood_seeds":14,"mekanism:raw_osmium":2,"minecraft:spider_eye":1,"refinedstorage:importer":13,"mekanismgenerators:wind_generator":27,"minecraft:pumpkin_seeds":6,"minecraft:campfire":4,"botania:terrasteel_chestplate":2,"tombstone:magic_scroll":6,"minecraft:coal":3},"minecraft:dropped":{"sophisticatedbackpacks:upgrade_base":1,"minecraft:lapis_lazuli":182,"minecraft:cooked_beef":144,"minecraft:glass_bottle":2,"minecraft:diamond":126,"minecraft:dark_oak_slab":9,"exdeorum:zinc_ore_chunk":7,"minecraft:cookie":432,"minecraft:quartz_pillar":12,"exdeorum:gold_ore_chunk":1,"minecraft:dirt":370,"thermal:nickel_ingot":27,"mysticalagriculture:nature_essence":6,"thermal:niter_dust":128,"exdeorum:granite_pebble":49,"minecraft:gold_nugget":38,"minecraft:bone_meal":9,"minecraft:sand":9,"minecraft:white_wool":64,"exdeorum:lead_ore_chunk":16,"minecraft:bone":102,"minecraft:sugar_cane":37,"minecraft:iron_nugget":5,"minecraft:cobbled_deepslate":291,"minecraft:rotten_flesh":94,"minecraft:oak_planks":1024,"minecraft:end_stone":2,"minecraft:glowstone_dust":17,"minecraft:blaze_powder":3,"exdeorum:silver_ore_chunk":39,"minecraft:black_glazed_terracotta":12,"minecraft:sea_lantern":20,"minecraft:deepslate_tiles":148,"create:scoria":1,"minecraft:charcoal":7,"mysticalagriculture:inferium_essence":65,"minecraft:quartz_block":12,"thermal:rice_seeds":3,"exdeorum:compressed_gravel":7,"minecraft:end_stone_bricks":100,"minecraft:glass":108,"minecraft:enchanted_book":1,"minecraft:iron_ingot":33,"minecraft:wheat_seeds":7,"exdeorum:deepslate_pebble":3854,"minecraft:prismarine_crystals":28,"mysticalagriculture:gold_essence":6,"minecraft:cobblestone":159,"minecraft:apple":1,"botania:terrasteel_chestplate":2,"mysticalagriculture:dirt_essence":7,"minecraft:coal":3,"exdeorum:silk_worm":2,"createaddition:electrum_ingot":1,"minecraft:dead_bush":3,"minecraft:paper":3,"minecraft:string":4,"minecraft:spruce_sapling":1,"minecraft:furnace":3,"thermal:amaranth_seeds":3,"minecraft:cobblestone_wall":3,"thermal:silver_ingot":71,"minecraft:dark_oak_sign":3,"cobblefordays:tier_5":1,"mysticalagriculture:fertilized_essence":22,"exdeorum:compressed_diamond_hammer":1,"minecraft:pumpkin_seeds":6,"minecraft:suspicious_stew":24,"minecraft:potato":143,"minecraft:cobblestone_slab":132,"mysticalagriculture:gold_seeds":3,"pipez:energy_pipe":10,"minecraft:bundle":1,"minecraft:diamond_pickaxe":3,"exdeorum:diorite_pebble":35,"minecraft:spider_eye":1,"minecraft:bamboo":5,"minecraft:bow":2,"exdeorum:andesite_pebble":42,"mekanism:ingot_steel":10,"mysticalagriculture:nature_seeds":1,"minecraft:oak_log":1728,"minecraft:ender_pearl":1,"minecraft:dark_oak_sapling":2,"refinedstorage:security_card":9,"exdeorum:copper_ore_chunk":6,"exdeorum:crimson_barrel":1,"minecraft:flint":182,"tombstone:bag_of_seeds":2,"minecraft:dark_oak_log":134,"minecraft:dark_oak_wood":3,"exdeorum:compressed_stone_hammer":1,"minecraft:amethyst_shard":64,"mekanismgenerators:wind_generator":1,"minecraft:gold_ingot":27,"enderio:grains_of_infinity":7,"minecraft:gravel":1126,"mysticalagriculture:prudentium_essence":13,"mysticalagriculture:wood_essence":2,"minecraft:carrot":90,"mysticalagriculture:wood_seeds":14,"minecraft:poppy":246,"thermal:tin_ingot":85,"exdeorum:crushed_deepslate":7,"minecraft:gunpowder":66,"silentgear:axe_blueprint":2,"minecraft:melon_seeds":2,"minecraft:chest":1,"silentgear:leather_scrap":5,"minecraft:arrow":38,"minecraft:quartz":61,"minecraft:netherrack":10,"minecraft:bread":232,"minecraft:oak_slab":22,"exdeorum:mycelium_spores":7,"minecraft:poisonous_potato":3,"minecraft:prismarine_shard":168,"minecraft:spectral_arrow":1,"minecraft:copper_ingot":66,"exdeorum:iron_ore_chunk":26,"exdeorum:osmium_ore_chunk":6,"minecraft:grass_block":11,"minecraft:stick":8,"mekanism:enriched_iron":1,"tombstone:magic_scroll":2,"minecraft:torch":169,"exdeorum:grass_seeds":10,"tombstone:grave_dust":27,"minecraft:cactus":8,"sophisticatedbackpacks:crafting_upgrade":1,"exdeorum:stone_pebble":575,"minecraft:bucket":2,"minecraft:dandelion":1,"minecraft:polished_diorite":75,"exdeorum:diamond_mesh":3,"minecraft:blaze_rod":1,"exdeorum:oak_barrel":1,"exdeorum:flint_mesh":1,"exdeorum:nickel_ore_chunk":7,"silentgear:fluffy_seeds":1,"thermal:hops_seeds":3,"exdeorum:tin_ore_chunk":12,"minecraft:golden_sword":2,"tombstone:book_of_magic_impregnation":1},"minecraft:used":{"refinedstorage:exporter":21,"rftoolspower:coalgenerator":2,"minecraft:chest":36,"botania:terrasteel_chestplate":1,"minecraft:soul_sand":1,"mekanism:advanced_fluid_tank":7,"mysticalagriculture:redstone_seeds":286,"minecraft:lava_bucket":19,"minecraft:quartz_block":1,"minecraft:bow":91,"create:shaft":11,"minecraft:furnace":6,"minecraft:oak_sapling":14,"minecraft:cactus":3,"refinedstorage:storage_monitor":6,"rftoolsutility:crafter3":2,"minecraft:sand":103,"minecraft:deepslate_tiles":1277,"minecraft:lectern":4,"mekanism:rotary_condensentrator":9,"minecraft:diamond_sword":577,"exmachinis:flux_sieve":6,"minecraft:enchanting_table":1,"minecraft:iron_bars":15,"exdeorum:compressed_diamond_hammer":166,"minecraft:netherrack":5,"refinedstorage:grid":2,"minecraft:torch":152,"mysticalagriculture:water_seeds":1,"minecraft:anvil":1,"sophisticatedstorage:iron_barrel":1,"minecraft:polished_diorite":3,"minecraft:spawner":2,"minecraft:blaze_spawn_egg":2,"minecraft:glowstone":29,"tombstone:gift":3,"minecraft:cobbled_deepslate":81,"minecraft:pointed_dripstone":5,"exdeorum:oak_sieve":11,"minecraft:water_bucket":11,"thermal:machine_pulverizer":1,"minecraft:cauldron":16,"minecraft:fletching_table":18,"minecraft:deepslate_bricks":82,"minecraft:oak_slab":55,"minecraft:crafting_table":6,"minecraft:campfire":8,"thermal:machine_furnace":4,"minecraft:white_bed":9,"minecraft:deepslate_tile_wall":49,"mysticalagriculture:dirt_seeds":1,"minecraft:diamond_pickaxe":841,"minecraft:diamond_shovel":393,"refinedstorage:crafting_grid":1,"mysticalagriculture:end_seeds":33,"minecraft:cobblestone":58,"minecraft:diamond_hoe":35,"mekanism:osmium_ore":2,"mekanism:chemical_injection_chamber":3,"refinedstorage:controller":2,"mysticalagriculture:inferium_seeds":1,"mysticalagriculture:nether_quartz_seeds":184,"mysticalagriculture:inferium_essence":8,"mekanismgenerators:wind_generator":53,"minecraft:iron_helmet":1,"refinedstorage:importer":21,"pipez:item_pipe":65,"refinedstorage:disk_drive":3,"minecraft:dark_oak_sapling":15,"minecraft:oak_planks":121,"minecraft:diamond_axe":412,"minecraft:sugar_cane":5,"exdeorum:compressed_gravel":195,"exdeorum:oak_barrel":19,"mekanism:crusher":1,"mekanism:metallurgic_infuser":5,"minecraft:gravel":59,"exmachinis:flux_hammer":9,"exdeorum:compressed_stone_hammer":263,"minecraft:coarse_dirt":12,"minecraft:bone_meal":13,"exdeorum:mycelium_spores":3,"mekanism:jetpack":3,"minecraft:dirt":403,"minecraft:hopper":15,"minecraft:cobblestone_wall":4,"minecraft:dark_oak_planks":2,"minecraft:bookshelf":16,"exdeorum:porcelain_crucible":8,"minecraft:golden_carrot":6,"minecraft:deepslate_tile_stairs":8,"mekanism:pressurized_reaction_chamber":1,"mekanism:electrolytic_separator":11,"minecraft:cooked_beef":47,"pipez:fluid_pipe":52,"minecraft:iron_ore":6,"mekanism:electric_pump":5,"exdeorum:compressed_end_stone":10,"refinedstorage:security_manager":1,"minecraft:stonecutter":12,"minecraft:cobblestone_slab":457,"exdeorum:compressed_cobblestone":249,"exdeorum:crimson_barrel":5,"tombstone:bag_of_seeds":1,"mekanism:basic_chemical_tank":2,"refinedstorage:cable":47,"minecraft:apple":1,"craftingstation:crafting_station":2,"exdeorum:diamond_hammer":1,"minecraft:bucket":61,"enderio:stirling_generator":1,"pipez:energy_pipe":165},"minecraft:custom":{"minecraft:interact_with_crafting_table":37,"minecraft:open_barrel":193,"minecraft:leave_game":15,"minecraft:time_since_death":9096,"minecraft:play_time":893538,"minecraft:deaths":22,"minecraft:jump":7483,"minecraft:enchant_item":4,"minecraft:interact_with_furnace":45,"minecraft:traded_with_villager":423,"minecraft:sleep_in_bed":2,"minecraft:damage_dealt":32571,"tombstone:undead_killed":315,"minecraft:use_cauldron":42,"minecraft:interact_with_anvil":6,"minecraft:inspect_hopper":174,"minecraft:damage_dealt_absorbed":118,"minecraft:sneak_time":62521,"minecraft:total_world_time":893538,"tombstone:raider_killed":2,"minecraft:interact_with_stonecutter":9,"minecraft:time_since_rest":8915,"minecraft:fly_one_cm":2017165,"minecraft:open_chest":1216,"minecraft:fall_one_cm":190641,"minecraft:sprint_one_cm":1041689,"minecraft:drop":633,"minecraft:talked_to_villager":107,"minecraft:walk_on_water_one_cm":2867,"minecraft:player_kills":5,"minecraft:crouch_one_cm":265568,"minecraft:mob_kills":477,"minecraft:fill_cauldron":2,"minecraft:damage_dealt_resisted":98,"minecraft:climb_one_cm":3215,"minecraft:walk_one_cm":1177232,"tombstone:consume_soul":1,"minecraft:walk_under_water_one_cm":90,"minecraft:damage_taken":10118,"minecraft:damage_absorbed":9,"tombstone:use_magic_impregnation":1},"minecraft:killed_by":{"minecraft:player":10,"thermal:basalz":1},"minecraft:mined":{"minecraft:dark_oak_planks":2,"mekanismgenerators:wind_generator":27,"minecraft:white_bed":6,"mysticalagriculture:nature_crop":1,"minecraft:obsidian":7,"minecraft:deepslate_tile_wall":9,"minecraft:deepslate_bricks":82,"minecraft:deepslate_tile_stairs":4,"minecraft:hopper":11,"minecraft:cobbled_deepslate":41,"minecraft:fire":15,"minecraft:barrel":1,"pipez:fluid_pipe":25,"minecraft:fletching_table":12,"minecraft:dirt_path":368,"exdeorum:compressed_end_stone":2,"mekanism:osmium_ore":2,"pipez:energy_pipe":42,"minecraft:torch":16,"thermal:machine_furnace":2,"minecraft:melon":24,"refinedstorage:importer":13,"minecraft:sugar_cane":55,"mekanism:advanced_fluid_tank":6,"exdeorum:oak_barrel":10,"minecraft:dark_oak_sapling":8,"minecraft:stonecutter":10,"mysticalagriculture:iron_crop":16,"minecraft:deepslate_tiles":247,"mysticalagriculture:gold_crop":3,"minecraft:dark_oak_log":159,"refinedstorage:exporter":19,"mekanism:basic_chemical_tank":2,"minecraft:cobblestone_slab":158,"minecraft:oak_slab":10,"exdeorum:infested_leaves":10,"exdeorum:compressed_gravel":195,"mysticalagriculture:end_crop":33,"mysticalagriculture:water_crop":1,"minecraft:coarse_dirt":5,"minecraft:cobblestone_wall":6,"minecraft:dark_oak_sign":1,"minecraft:gravel":15,"mekanism:electric_pump":3,"minecraft:oak_sapling":1,"mekanism:electrolytic_separator":9,"minecraft:grass_block":8,"mekanism:rotary_condensentrator":7,"minecraft:polished_diorite":2,"refinedstorage:grid":1,"minecraft:glowstone":29,"minecraft:iron_ore":6,"minecraft:iron_bars":4,"exdeorum:oak_sieve":12,"mysticalagriculture:wood_crop":6,"mysticalagriculture:nether_quartz_crop":170,"mysticalagriculture:redstone_crop":262,"minecraft:quartz_block":1,"mysticalagriculture:inferium_crop":23,"minecraft:chest":17,"minecraft:cobblestone":41,"minecraft:oak_planks":53,"refinedstorage:disk_drive":2,"minecraft:wall_torch":5,"minecraft:cauldron":1,"minecraft:lava_cauldron":10,"minecraft:oak_log":68,"minecraft:dirt":16,"refinedstorage:storage_monitor":6,"refinedstorage:controller":1,"minecraft:netherrack":5,"mysticalagriculture:brass_crop":1,"refinedstorage:cable":31,"minecraft:furnace":6,"rftoolspower:coalgenerator":1,"minecraft:bookshelf":1,"mekanism:chemical_injection_chamber":2,"pipez:item_pipe":22,"minecraft:crafting_table":2,"minecraft:lectern":3,"mekanism:metallurgic_infuser":1,"mysticalagriculture:dirt_crop":1,"minecraft:cactus":33,"exdeorum:compressed_cobblestone":249}},"DataVersion":3465}