{"stats":{"minecraft:crafted":{"minecraft:brick":440,"thermal:nickel_ore":9,"pipez:wrench":1,"minecraft:oak_planks":1508,"minecraft:cobblestone_slab":912,"refinedstorage:security_card":9,"minecraft:barrel":1,"mekanism:ingot_osmium":22,"minecraft:dark_oak_wood":3,"mekanism:electrolytic_separator":1,"mekanism:electrolytic_core":1,"pipez:item_pipe":96,"refinedstorage:cable":108,"thermal:copper_gear":2,"sophisticatedstorage:barrel":1,"refinedstorage:controller":1,"minecraft:stone":67,"minecraft:diamond_shovel":1,"refinedstorage:64k_storage_disk":5,"minecraft:bookshelf":53,"refinedstorage:storage_monitor":1,"refinedstorage:64k_storage_part":6,"pipez:fluid_pipe":64,"minecraft:quartz_pillar":12,"minecraft:suspicious_stew":24,"minecraft:iron_bars":16,"thermal:machine_frame":1,"minecraft:quartz_block":12,"minecraft:glass":98,"minecraft:hopper":16,"minecraft:bow":1,"refinedstorage:crafting_grid":1,"minecraft:copper_block":71,"refinedstorage:4k_storage_part":54,"exdeorum:compressed_cobblestone":249,"refinedstorage:grid":2,"rftoolsutility:crafter1":2,"minecraft:cyan_terracotta":72,"thermal:lead_gear":10,"thermal:machine_pulverizer":1,"minecraft:chest":39,"mekanism:rotary_condensentrator":2,"refinedstorage:processor_binding":664,"mekanism:basic_fluid_tank":4,"minecraft:chiseled_stone_bricks":52,"refinedstorage:disk_drive":1,"mekanism:ingot_steel":26,"mekanism:elite_control_circuit":2,"exdeorum:stone_hammer":18,"mekanism:energy_tablet":52,"refinedstorage:raw_advanced_processor":96,"minecraft:dropper":12,"minecraft:oak_slab":108,"create:scoria":1,"mekanism:block_osmium":82,"minecraft:arrow":192,"minecraft:emerald":52,"minecraft:cauldron":5,"exdeorum:oak_barrel":10,"minecraft:crafting_table":35,"mekanism:chemical_injection_chamber":1,"minecraft:gold_ore":11,"refinedstorage:storage_housing":4,"minecraft:gravel":512,"refinedstorage:exporter":7,"mekanism:nugget_lead":27,"minecraft:moss_block":2,"createaddition:electrum_ingot":448,"craftingstation:crafting_station":2,"minecraft:copper_ingot":5,"minecraft:gold_block":39,"minecraft:fletching_table":9,"mekanism:purification_chamber":2,"minecraft:campfire":4,"refinedstorage:basic_processor":32,"mekanism:ingot_lead":8,"thermal:dynamo_throttle_augment":1,"rftoolsutility:crafter2":2,"minecraft:apple":128,"thermal:tin_gear":1,"minecraft:emerald_block":309,"thermal:redstone_servo":1,"thermal:machine_speed_augment":5,"minecraft:lectern":1,"thermal:nickel_ingot":28,"minecraft:book":1,"minecraft:paper":60,"minecraft:diamond_pickaxe":1,"mekanism:steel_casing":6,"exdeorum:flint_mesh":3,"minecraft:stick":1876,"rftoolsutility:crafter3":2,"mekanism:crusher":1,"thermal:tin_block":101,"minecraft:iron_ingot":72,"thermal:potion_duration_augment":1,"minecraft:iron_block":518,"minecraft:iron_ore":42,"exdeorum:compressed_diamond_hammer":1,"minecraft:gold_ingot":820,"refinedstorage:importer":9,"minecraft:redstone_torch":15,"mekanism:advanced_fluid_tank":2,"refinedstorage:machine_casing":8,"minecraft:fire_charge":15,"thermal:apatite_dust":56,"minecraft:deepslate_bricks":1153,"mekanism:block_lead":104,"mekanism:osmium_ore":22,"thermal_extra:machine_speed_augment_1":2,"exmachinis:flux_sieve":1,"minecraft:golden_carrot":177,"thermal:nickel_block":130,"thermal:obsidian_glass":2,"minecraft:cookie":432,"minecraft:redstone":1944,"minecraft:coal":144,"rftoolsbase:machine_frame":2,"mekanismgenerators:wind_generator":25,"thermal:silver_block":76,"refinedstorage:16k_storage_part":18,"minecraft:iron_nugget":9,"thermal:rf_coil_augment":1,"mekanism:pressurized_reaction_chamber":1,"minecraft:cobbled_deepslate":933,"mekanism:basic_chemical_tank":6,"exmachinis:gold_upgrade":30,"minecraft:furnace":10,"minecraft:piston":2,"thermal:lumium_ingot":8,"thermal:lumium_gear":2,"refinedstorage:quartz_enriched_iron":748,"minecraft:quartz":1272,"minecraft:diamond_block":416,"thermal:invar_ingot":6,"minecraft:glass_pane":32,"mekanism:jetpack":1,"refinedstorage:advanced_processor":6,"refinedstorage:destruction_core":14,"minecraft:diamond":54,"minecraft:polished_diorite":76,"minecraft:leather":1,"minecraft:polished_deepslate":1152,"refinedstorage:filter":2,"refinedstorage:network_card":18,"exdeorum:string_mesh":3,"thermal_extra:soul_infused_dust":46,"mekanism:electric_pump":1,"thermal:constantan_ingot":4,"silentgear:emerald_shard":9,"refinedstorage:silicon":64,"minecraft:redstone_block":81,"thermal:invar_dust":93,"minecraft:dark_oak_planks":64,"sophisticatedstorage:iron_barrel":1,"refinedstorage:1k_storage_part":168,"minecraft:glistering_melon_slice":72,"refinedstorage:1k_storage_disk":2,"rftoolsbase:filter_module":4,"thermal_extra:soul_infused_gear":10,"minecraft:cyan_dye":10,"thermal:constantan_gear":1,"exdeorum:diamond_hammer":13,"mekanism:metallurgic_infuser":3,"minecraft:enchanting_table":1,"mekanism:dynamic_tank":4,"pipez:energy_pipe":128,"minecraft:deepslate_tiles":1152,"refinedstorage:raw_improved_processor":158,"exdeorum:compressed_stone_hammer":2,"minecraft:copper_ore":5,"minecraft:bucket":11,"minecraft:glowstone":710,"minecraft:bread":192,"minecraft:air":0,"cobblefordays:tier_5":1,"mekanism:upgrade_speed":8,"refinedstorage:security_manager":1,"minecraft:blue_dye":47,"minecraft:white_wool":73,"exdeorum:compressed_gravel":244,"minecraft:cobblestone":18,"minecraft:gold_nugget":108,"mekanism:enrichment_chamber":3,"refinedstorage:raw_basic_processor":276,"minecraft:black_glazed_terracotta":12,"refinedstorage:construction_core":15,"minecraft:deepslate_tile_stairs":6,"mekanism:advanced_control_circuit":6,"minecraft:stonecutter":2,"minecraft:anvil":1,"minecraft:white_bed":3,"exmachinis:flux_hammer":3,"refinedstorage:improved_processor":5,"thermal:device_rock_gen":1,"minecraft:torch":284,"thermal:rf_coil":7,"minecraft:lapis_block":671,"minecraft:clay":72},"minecraft:killed":{"minecraft:zombified_piglin":14,"minecraft:spider":2,"minecraft:skeleton":118,"minecraft:zombie_villager":2,"minecraft:iron_golem":2,"minecraft:creeper":151,"minecraft:zombie":179,"minecraft:blaze":1,"minecraft:phantom":2},"minecraft:broken":{"exdeorum:compressed_stone_hammer":2},"minecraft:picked_up":{"exdeorum:mycelium_spores":10,"minecraft:wheat":20,"mekanism:electrolytic_separator":10,"minecraft:prismarine_shard":1,"mysticalagriculture:water_seeds":1,"mysticalagriculture:iron_seeds":16,"mysticalagriculture:dirt_essence":15,"exdeorum:iron_ore_chunk":5,"mysticalagriculture:prosperity_seed_base":1,"refinedstorage:controller":1,"minecraft:golden_sword":2,"refinedstorage:grid":1,"exdeorum:grass_seeds":18,"minecraft:string":69,"thermal:tin_ingot":59,"pipez:energy_pipe":45,"minecraft:deepslate_tiles":207,"mysticalagriculture:inferium_essence":145,"minecraft:gold_nugget":8,"minecraft:cobbled_deepslate":20,"minecraft:bucket":2,"minecraft:cobblestone_slab":163,"minecraft:deepslate_tile_wall":9,"minecraft:melon_slice":133,"refinedstorage:64k_storage_disk":1,"minecraft:furnace":5,"minecraft:stick":19,"minecraft:torch":92,"mysticalagriculture:prosperity_shard":649,"mekanism:advanced_fluid_tank":6,"mysticalagriculture:inferium_seeds":26,"tombstone:grave_dust":40,"minecraft:pointed_dripstone":5,"exdeorum:compressed_gravel":22,"refinedstorage:disk_drive":2,"minecraft:deepslate_tile_stairs":2,"thermal:machine_furnace":3,"minecraft:cauldron":6,"minecraft:quartz_block":1,"minecraft:cactus":59,"silentgear:leather_scrap":14,"minecraft:rotten_flesh":214,"ars_nouveau:worn_notebook":1,"mysticalagriculture:brass_seeds":1,"silentgear:axe_blueprint":3,"exdeorum:tin_ore_chunk":8,"refinedstorage:1k_storage_disk":4,"silentgear:shovel_blueprint":1,"mysticalagriculture:prudentium_essence":4,"minecraft:blaze_rod":1,"minecraft:obsidian":7,"minecraft:iron_bars":4,"minecraft:cobblestone":392,"exdeorum:osmium_ore_chunk":1,"minecraft:feather":2,"minecraft:potato":144,"minecraft:flint":135,"minecraft:dirt":564,"minecraft:lapis_lazuli":189,"mysticalagriculture:dirt_seeds":1,"exdeorum:nickel_ore_chunk":3,"minecraft:leather_boots":1,"minecraft:bone":184,"pipez:fluid_pipe":19,"minecraft:bow":3,"minecraft:stonecutter":10,"minecraft:wheat_seeds":42,"minecraft:dark_oak_sign":3,"minecraft:glowstone_dust":87,"minecraft:bamboo":5,"minecraft:fletching_table":12,"minecraft:oak_planks":2188,"mekanism:metallurgic_infuser":1,"mekanism:rotary_condensentrator":7,"mysticalagriculture:nature_essence":11,"minecraft:poisonous_potato":3,"thermal:nickel_ore":25,"exdeorum:flint_mesh":1,"minecraft:sand":1620,"minecraft:grass_block":11,"minecraft:dead_bush":3,"minecraft:dark_oak_log":158,"minecraft:bundle":4,"exdeorum:diamond_mesh":10,"minecraft:diamond":5,"mysticalagriculture:redstone_seeds":286,"exdeorum:copper_ore_chunk":2,"minecraft:bread":40,"minecraft:oak_sapling":72,"minecraft:netherrack":12,"silentgear:rod_blueprint":1,"minecraft:diamond_pickaxe":3,"minecraft:charcoal":280,"minecraft:crafting_table":2,"minecraft:coarse_dirt":12,"minecraft:clay_ball":96,"silentgear:pickaxe_blueprint":1,"mysticalagriculture:redstone_essence":278,"exdeorum:oak_barrel":10,"exdeorum:granite_pebble":49,"thermal:silver_ingot":63,"refinedstorage:exporter":19,"exdeorum:compressed_diamond_hammer":1,"mysticalagriculture:gold_seeds":3,"exdeorum:zinc_ore_chunk":6,"minecraft:iron_nugget":5,"minecraft:poppy":130,"minecraft:lectern":3,"refinedstorage:storage_monitor":6,"minecraft:sugar_cane":120,"minecraft:chest":15,"minecraft:dark_oak_sapling":25,"minecraft:raw_iron":6,"mysticalagriculture:nature_seeds":1,"pipez:item_pipe":20,"sophisticatedbackpacks:backpack":1,"minecraft:carrot":163,"minecraft:dark_oak_planks":2,"exdeorum:silk_worm":2,"minecraft:arrow":148,"exdeorum:diorite_pebble":35,"mysticalagriculture:nether_quartz_essence":182,"minecraft:deepslate_bricks":8,"mekanism:chemical_injection_chamber":2,"mysticalagriculture:nether_quartz_seeds":185,"mysticalagriculture:water_essence":1,"exdeorum:andesite_pebble":42,"silentgear:knife_blueprint":1,"mekanism:electric_pump":4,"silentgear:machete_blueprint":1,"minecraft:air":0,"mysticalagriculture:fertilized_essence":42,"rftoolspower:coalgenerator":1,"minecraft:oak_log":1796,"minecraft:gunpowder":169,"minecraft:cobblestone_wall":7,"minecraft:paper":1,"exdeorum:compressed_cobblestone":2,"mysticalagriculture:gold_essence":7,"thermal:niter_dust":128,"minecraft:apple":2,"exdeorum:stone_pebble":546,"exdeorum:oak_sieve":12,"minecraft:iron_ingot":7,"refinedstorage:cable":18,"tombstone:bag_of_seeds":4,"minecraft:soul_sand":4,"minecraft:glass_bottle":4,"mysticalagriculture:wood_essence":2,"minecraft:book":6,"mekanism:ingot_steel":10,"minecraft:oak_slab":22,"mysticalagriculture:iron_essence":17,"exdeorum:deepslate_pebble":753,"minecraft:dark_oak_slab":9,"refinedstorage:security_card":6,"exdeorum:lead_ore_chunk":1,"minecraft:dandelion":2,"minecraft:quartz":1,"mekanism:basic_chemical_tank":2,"minecraft:gravel":2573,"minecraft:amethyst_shard":68,"tombstone:book_of_magic_impregnation":1,"minecraft:spruce_sapling":1,"minecraft:white_bed":6,"mysticalagriculture:wood_seeds":14,"minecraft:spider_eye":1,"mekanism:raw_osmium":2,"minecraft:sea_lantern":1,"refinedstorage:importer":13,"mekanismgenerators:wind_generator":27,"minecraft:pumpkin_seeds":6,"minecraft:campfire":4,"minecraft:polished_diorite":66,"botania:terrasteel_chestplate":2,"tombstone:magic_scroll":6,"minecraft:melon_seeds":2,"minecraft:coal":3,"minecraft:hopper":9,"minecraft:ender_pearl":1},"minecraft:dropped":{"sophisticatedbackpacks:upgrade_base":1,"mysticalagriculture:nature_seeds":1,"minecraft:lapis_lazuli":182,"minecraft:cooked_beef":144,"minecraft:oak_log":1728,"minecraft:glass_bottle":2,"minecraft:ender_pearl":1,"minecraft:diamond":126,"minecraft:dark_oak_sapling":2,"refinedstorage:security_card":9,"exdeorum:zinc_ore_chunk":7,"minecraft:dark_oak_slab":9,"exdeorum:copper_ore_chunk":6,"minecraft:cookie":432,"minecraft:quartz_pillar":12,"minecraft:flint":182,"exdeorum:gold_ore_chunk":1,"minecraft:dirt":370,"tombstone:bag_of_seeds":2,"minecraft:dark_oak_log":134,"minecraft:dark_oak_wood":3,"exdeorum:compressed_stone_hammer":1,"thermal:nickel_ingot":27,"mysticalagriculture:nature_essence":6,"thermal:niter_dust":128,"minecraft:gold_nugget":38,"exdeorum:granite_pebble":49,"minecraft:amethyst_shard":64,"minecraft:bone_meal":9,"minecraft:sand":9,"minecraft:white_wool":64,"exdeorum:lead_ore_chunk":16,"mekanismgenerators:wind_generator":1,"minecraft:bone":102,"minecraft:gold_ingot":27,"enderio:grains_of_infinity":7,"minecraft:gravel":1126,"minecraft:sugar_cane":37,"minecraft:iron_nugget":5,"minecraft:cobbled_deepslate":291,"mysticalagriculture:prudentium_essence":13,"minecraft:rotten_flesh":94,"minecraft:oak_planks":1024,"minecraft:blaze_powder":3,"minecraft:glowstone_dust":17,"mysticalagriculture:wood_essence":2,"exdeorum:silver_ore_chunk":39,"minecraft:carrot":90,"mysticalagriculture:wood_seeds":14,"minecraft:black_glazed_terracotta":12,"minecraft:poppy":246,"minecraft:sea_lantern":20,"thermal:tin_ingot":85,"minecraft:deepslate_tiles":148,"exdeorum:crushed_deepslate":7,"minecraft:gunpowder":66,"create:scoria":1,"silentgear:axe_blueprint":2,"minecraft:charcoal":7,"mysticalagriculture:inferium_essence":65,"minecraft:quartz_block":12,"minecraft:melon_seeds":2,"minecraft:chest":1,"silentgear:leather_scrap":5,"exdeorum:compressed_gravel":7,"thermal:rice_seeds":3,"minecraft:arrow":38,"minecraft:glass":108,"minecraft:quartz":61,"minecraft:netherrack":10,"minecraft:enchanted_book":1,"minecraft:iron_ingot":33,"minecraft:bread":232,"minecraft:oak_slab":22,"minecraft:wheat_seeds":7,"exdeorum:deepslate_pebble":3854,"exdeorum:mycelium_spores":7,"minecraft:poisonous_potato":3,"minecraft:prismarine_shard":168,"mysticalagriculture:gold_essence":6,"minecraft:cobblestone":159,"minecraft:prismarine_crystals":28,"minecraft:spectral_arrow":1,"minecraft:apple":1,"botania:terrasteel_chestplate":2,"minecraft:copper_ingot":66,"mysticalagriculture:dirt_essence":7,"exdeorum:iron_ore_chunk":26,"exdeorum:osmium_ore_chunk":6,"minecraft:grass_block":11,"minecraft:coal":3,"minecraft:stick":8,"mekanism:enriched_iron":1,"tombstone:magic_scroll":2,"minecraft:torch":169,"exdeorum:grass_seeds":10,"exdeorum:silk_worm":2,"tombstone:grave_dust":27,"createaddition:electrum_ingot":1,"minecraft:dead_bush":3,"sophisticatedbackpacks:crafting_upgrade":1,"minecraft:cactus":8,"minecraft:paper":3,"minecraft:string":4,"exdeorum:stone_pebble":575,"minecraft:bucket":2,"minecraft:spruce_sapling":1,"minecraft:dandelion":1,"minecraft:polished_diorite":75,"minecraft:furnace":3,"exdeorum:diamond_mesh":3,"minecraft:dark_oak_sign":3,"minecraft:blaze_rod":1,"thermal:silver_ingot":71,"minecraft:cobblestone_wall":3,"thermal:amaranth_seeds":3,"exdeorum:oak_barrel":1,"exdeorum:flint_mesh":1,"mysticalagriculture:fertilized_essence":22,"cobblefordays:tier_5":1,"exdeorum:compressed_diamond_hammer":1,"minecraft:pumpkin_seeds":6,"minecraft:suspicious_stew":24,"minecraft:cobblestone_slab":132,"minecraft:potato":143,"exdeorum:nickel_ore_chunk":7,"mysticalagriculture:gold_seeds":3,"silentgear:fluffy_seeds":1,"pipez:energy_pipe":10,"thermal:hops_seeds":3,"minecraft:bundle":1,"exdeorum:tin_ore_chunk":12,"minecraft:diamond_pickaxe":3,"minecraft:golden_sword":2,"exdeorum:diorite_pebble":35,"minecraft:spider_eye":1,"minecraft:bamboo":5,"minecraft:bow":2,"exdeorum:andesite_pebble":42,"tombstone:book_of_magic_impregnation":1,"mekanism:ingot_steel":10},"minecraft:used":{"refinedstorage:exporter":21,"botania:terrasteel_chestplate":1,"rftoolspower:coalgenerator":2,"minecraft:chest":36,"minecraft:soul_sand":1,"mekanism:osmium_ore":2,"mekanism:chemical_injection_chamber":3,"mysticalagriculture:inferium_seeds":1,"refinedstorage:controller":2,"mysticalagriculture:redstone_seeds":286,"mekanism:advanced_fluid_tank":7,"mysticalagriculture:nether_quartz_seeds":184,"minecraft:lava_bucket":13,"mysticalagriculture:inferium_essence":8,"mekanismgenerators:wind_generator":53,"minecraft:quartz_block":1,"minecraft:iron_helmet":1,"refinedstorage:importer":21,"create:shaft":11,"pipez:item_pipe":65,"minecraft:oak_sapling":14,"minecraft:bow":91,"minecraft:furnace":6,"refinedstorage:disk_drive":3,"minecraft:dark_oak_sapling":15,"minecraft:oak_planks":121,"minecraft:cactus":3,"minecraft:sugar_cane":5,"refinedstorage:storage_monitor":6,"minecraft:diamond_axe":412,"rftoolsutility:crafter3":2,"minecraft:sand":103,"exdeorum:compressed_gravel":195,"minecraft:deepslate_tiles":1277,"exdeorum:oak_barrel":19,"mekanism:crusher":1,"mekanism:metallurgic_infuser":5,"minecraft:lectern":4,"mekanism:rotary_condensentrator":9,"minecraft:gravel":59,"exmachinis:flux_hammer":9,"minecraft:diamond_sword":577,"exdeorum:compressed_stone_hammer":263,"exmachinis:flux_sieve":6,"minecraft:coarse_dirt":12,"mekanism:jetpack":3,"minecraft:bone_meal":13,"exdeorum:mycelium_spores":3,"minecraft:iron_bars":15,"minecraft:enchanting_table":1,"exdeorum:compressed_diamond_hammer":164,"minecraft:netherrack":5,"refinedstorage:grid":2,"minecraft:torch":152,"mysticalagriculture:water_seeds":1,"minecraft:dirt":403,"minecraft:anvil":1,"minecraft:hopper":15,"minecraft:cobblestone_wall":4,"sophisticatedstorage:iron_barrel":1,"minecraft:polished_diorite":3,"minecraft:dark_oak_planks":2,"minecraft:bookshelf":16,"minecraft:spawner":2,"minecraft:blaze_spawn_egg":2,"minecraft:glowstone":29,"minecraft:golden_carrot":6,"minecraft:deepslate_tile_stairs":8,"tombstone:gift":3,"mekanism:electrolytic_separator":11,"minecraft:cooked_beef":47,"mekanism:pressurized_reaction_chamber":1,"minecraft:cobbled_deepslate":74,"minecraft:pointed_dripstone":5,"exdeorum:oak_sieve":11,"pipez:fluid_pipe":47,"minecraft:water_bucket":11,"minecraft:iron_ore":6,"mekanism:electric_pump":5,"thermal:machine_pulverizer":1,"refinedstorage:security_manager":1,"minecraft:cauldron":11,"minecraft:fletching_table":18,"minecraft:stonecutter":12,"minecraft:cobblestone_slab":457,"minecraft:deepslate_bricks":82,"minecraft:crafting_table":6,"minecraft:oak_slab":55,"thermal:machine_furnace":4,"minecraft:white_bed":9,"exdeorum:compressed_cobblestone":249,"minecraft:campfire":8,"mekanism:basic_chemical_tank":2,"tombstone:bag_of_seeds":1,"minecraft:deepslate_tile_wall":49,"refinedstorage:cable":47,"minecraft:diamond_pickaxe":810,"mysticalagriculture:dirt_seeds":1,"minecraft:apple":1,"minecraft:diamond_shovel":393,"craftingstation:crafting_station":2,"refinedstorage:crafting_grid":1,"exdeorum:diamond_hammer":1,"minecraft:cobblestone":58,"minecraft:bucket":31,"enderio:stirling_generator":1,"pipez:energy_pipe":165},"minecraft:custom":{"minecraft:interact_with_crafting_table":37,"minecraft:open_barrel":193,"minecraft:leave_game":15,"minecraft:time_since_death":35594,"minecraft:sprint_one_cm":1025876,"minecraft:drop":629,"minecraft:talked_to_villager":107,"minecraft:play_time":881538,"minecraft:deaths":21,"minecraft:jump":7437,"minecraft:walk_on_water_one_cm":2867,"minecraft:enchant_item":4,"minecraft:interact_with_furnace":45,"minecraft:traded_with_villager":423,"minecraft:sleep_in_bed":2,"minecraft:damage_dealt":32571,"minecraft:player_kills":5,"minecraft:crouch_one_cm":261931,"tombstone:undead_killed":315,"minecraft:use_cauldron":15,"minecraft:interact_with_anvil":6,"minecraft:mob_kills":477,"minecraft:inspect_hopper":174,"minecraft:damage_dealt_resisted":98,"minecraft:climb_one_cm":3215,"minecraft:walk_one_cm":1148240,"minecraft:damage_dealt_absorbed":118,"minecraft:sneak_time":61556,"minecraft:walk_under_water_one_cm":90,"minecraft:total_world_time":881538,"tombstone:raider_killed":2,"minecraft:interact_with_stonecutter":9,"minecraft:damage_absorbed":9,"minecraft:time_since_rest":35341,"minecraft:damage_taken":9769,"minecraft:fly_one_cm":1995461,"minecraft:open_chest":1213,"minecraft:fall_one_cm":182150},"minecraft:killed_by":{"minecraft:player":10,"thermal:basalz":1},"minecraft:mined":{"mekanismgenerators:wind_generator":27,"minecraft:white_bed":6,"minecraft:oak_sapling":1,"mekanism:electrolytic_separator":9,"minecraft:obsidian":7,"mysticalagriculture:nature_crop":1,"minecraft:deepslate_tile_wall":9,"minecraft:grass_block":8,"minecraft:deepslate_bricks":82,"mekanism:rotary_condensentrator":7,"minecraft:polished_diorite":2,"minecraft:deepslate_tile_stairs":4,"minecraft:hopper":11,"refinedstorage:grid":1,"minecraft:glowstone":29,"minecraft:iron_ore":6,"minecraft:barrel":1,"minecraft:fire":1,"minecraft:cobbled_deepslate":30,"pipez:fluid_pipe":20,"minecraft:fletching_table":12,"minecraft:dirt_path":368,"minecraft:iron_bars":4,"mysticalagriculture:wood_crop":6,"exdeorum:oak_sieve":12,"mysticalagriculture:nether_quartz_crop":170,"mysticalagriculture:redstone_crop":262,"mekanism:osmium_ore":2,"minecraft:quartz_block":1,"pipez:energy_pipe":42,"minecraft:torch":16,"mysticalagriculture:inferium_crop":23,"minecraft:chest":17,"minecraft:melon":24,"thermal:machine_furnace":2,"refinedstorage:importer":13,"minecraft:cobblestone":41,"minecraft:oak_planks":53,"minecraft:sugar_cane":55,"refinedstorage:disk_drive":2,"minecraft:wall_torch":5,"minecraft:cauldron":1,"minecraft:lava_cauldron":5,"mekanism:advanced_fluid_tank":6,"minecraft:oak_log":68,"exdeorum:oak_barrel":10,"minecraft:dark_oak_sapling":8,"minecraft:dirt":16,"refinedstorage:storage_monitor":6,"refinedstorage:controller":1,"minecraft:stonecutter":10,"minecraft:netherrack":5,"minecraft:deepslate_tiles":247,"mysticalagriculture:iron_crop":16,"mysticalagriculture:gold_crop":3,"minecraft:dark_oak_log":159,"mysticalagriculture:brass_crop":1,"refinedstorage:exporter":19,"mekanism:basic_chemical_tank":2,"refinedstorage:cable":18,"minecraft:furnace":6,"rftoolspower:coalgenerator":1,"minecraft:bookshelf":1,"minecraft:cobblestone_slab":158,"mekanism:chemical_injection_chamber":2,"minecraft:oak_slab":10,"exdeorum:infested_leaves":10,"pipez:item_pipe":22,"exdeorum:compressed_gravel":195,"minecraft:crafting_table":2,"minecraft:lectern":3,"mekanism:metallurgic_infuser":1,"mysticalagriculture:water_crop":1,"minecraft:cactus":33,"minecraft:coarse_dirt":5,"exdeorum:compressed_cobblestone":249,"mysticalagriculture:dirt_crop":1,"minecraft:cobblestone_wall":6,"minecraft:dark_oak_sign":1,"minecraft:gravel":15,"mekanism:electric_pump":3,"minecraft:dark_oak_planks":2}},"DataVersion":3465}