{"stats":{"minecraft:crafted":{"pipez:wrench":1,"exdeorum:compressed_blackstone":106,"mekanism:ingot_osmium":760,"minecraft:dark_oak_wood":3,"mekanism:electrolytic_separator":1,"pipez:item_pipe":96,"thermal:copper_gear":2,"minecraft:diamond_shovel":2,"minecraft:bookshelf":53,"refinedstorage:storage_monitor":1,"refinedstorage:64k_storage_part":9,"thermal:machine_frame":1,"minecraft:iron_bars":16,"minecraft:quartz_block":12,"minecraft:glass":98,"minecraft:diamond_helmet":1,"minecraft:diamond_leggings":1,"refinedstorage:crafting_grid":1,"refinedstorage:grid":3,"thermal:lead_gear":10,"minecraft:end_stone":96,"mekanism:rotary_condensentrator":2,"refinedstorage:processor_binding":704,"mekanism:energy_tablet":52,"tombstone:book_of_magic_impregnation":21,"refinedstorage:raw_advanced_processor":96,"mekanism:ingot_tin":909,"create:scoria":1,"minecraft:emerald":170,"exdeorum:oak_barrel":10,"minecraft:diamond_axe":1,"mekanism:chemical_injection_chamber":1,"refinedstorage:storage_housing":9,"minecraft:gravel":512,"minecraft:smithing_table":1,"minecraft:moss_block":2,"createaddition:electrum_ingot":448,"minecraft:copper_ingot":662,"craftingstation:crafting_station":2,"minecraft:fletching_table":9,"minecraft:campfire":4,"mysticalagriculture:nether_agglomeratio":12,"mekanism:ingot_lead":944,"thermal:tin_gear":1,"thermal:machine_speed_augment":5,"minecraft:lectern":1,"thermal:redstone_servo":1,"exdeorum:flint_mesh":3,"minecraft:stone_slab":6,"thermal:potion_duration_augment":1,"minecraft:iron_block":518,"exdeorum:compressed_diamond_hammer":1,"minecraft:gold_ingot":820,"refinedstorage:importer":9,"mekanism:advanced_fluid_tank":2,"minecraft:netherite_ingot":14,"refinedstorage:machine_casing":12,"minecraft:fire_charge":15,"thermal:apatite_dust":56,"mekanism:osmium_ore":22,"minecraft:golden_carrot":177,"minecraft:iron_nugget":9,"thermal:rf_coil_augment":1,"minecraft:diamond_hoe":1,"minecraft:cobbled_deepslate":933,"mekanism:basic_chemical_tank":6,"exmachinis:gold_upgrade":40,"thermal:lumium_gear":2,"minecraft:quartz":1272,"thermal:invar_ingot":6,"minecraft:diamond":3807,"minecraft:polished_diorite":76,"thermal:silver_ingot":684,"refinedstorage:network_card":18,"mekanism:electric_pump":1,"minecraft:diamond_boots":1,"silentgear:emerald_shard":9,"minecraft:redstone_block":81,"thermal:invar_dust":93,"minecraft:dark_oak_planks":64,"rftoolsbase:filter_module":4,"thermal_extra:soul_infused_gear":10,"exdeorum:diamond_hammer":13,"minecraft:enchanting_table":1,"mekanism:dynamic_tank":4,"exdeorum:compressed_stone_hammer":2,"refinedstorage:raw_improved_processor":158,"minecraft:deepslate_tiles":1152,"minecraft:glowstone":710,"cobblefordays:tier_5":1,"refinedstorage:security_manager":1,"minecraft:cobblestone":18,"refinedstorage:raw_basic_processor":404,"minecraft:blackstone":246,"minecraft:black_glazed_terracotta":12,"exdeorum:end_cake":1,"minecraft:deepslate_tile_stairs":6,"minecraft:white_bed":3,"refinedstorage:improved_processor":5,"thermal:device_rock_gen":1,"minecraft:brick":600,"minecraft:grindstone":1,"thermal:nickel_ore":9,"minecraft:oak_planks":1524,"minecraft:cobblestone_slab":912,"refinedstorage:security_card":9,"minecraft:barrel":1,"mekanism:electrolytic_core":1,"refinedstorage:cable":120,"sophisticatedstorage:barrel":1,"refinedstorage:controller":2,"minecraft:stone":67,"refinedstorage:64k_storage_disk":8,"minecraft:suspicious_stew":24,"pipez:fluid_pipe":64,"minecraft:quartz_pillar":12,"mysticalagriculture:prosperity_seed_base":4,"minecraft:hopper":16,"minecraft:bow":2,"refinedstorage:4k_storage_part":81,"exdeorum:compressed_cobblestone":249,"minecraft:blackstone_wall":6,"rftoolsutility:crafter1":2,"minecraft:cyan_terracotta":96,"minecraft:chest":40,"thermal:machine_pulverizer":1,"minecraft:copper_block":71,"mekanism:basic_fluid_tank":4,"minecraft:chiseled_stone_bricks":52,"refinedstorage:disk_drive":2,"mekanism:ingot_steel":26,"mekanism:elite_control_circuit":2,"exdeorum:stone_hammer":18,"minecraft:dropper":12,"minecraft:oak_slab":108,"mekanism:block_osmium":82,"minecraft:arrow":192,"minecraft:cauldron":5,"minecraft:crafting_table":35,"minecraft:gold_ore":11,"refinedstorage:exporter":7,"mekanism:nugget_lead":27,"minecraft:gold_block":39,"mekanism:purification_chamber":2,"refinedstorage:basic_processor":32,"thermal:dynamo_throttle_augment":1,"rftoolsutility:crafter2":2,"minecraft:dispenser":1,"minecraft:apple":256,"thermal:nickel_ingot":1198,"minecraft:book":16,"exdeorum:compressed_end_stone":2,"minecraft:paper":108,"minecraft:diamond_pickaxe":6,"minecraft:emerald_block":309,"mekanism:steel_casing":6,"rftoolsutility:crafter3":2,"minecraft:stick":5588,"mekanism:crusher":1,"thermal:tin_block":101,"minecraft:iron_ingot":4707,"minecraft:iron_ore":42,"minecraft:redstone_torch":15,"minecraft:deepslate_bricks":1153,"mekanism:block_lead":104,"exmachinis:flux_sieve":1,"thermal_extra:machine_speed_augment_1":2,"thermal:obsidian_glass":2,"minecraft:cookie":432,"thermal:nickel_block":130,"minecraft:redstone":1944,"minecraft:coal":144,"rftoolsbase:machine_frame":2,"mekanismgenerators:wind_generator":25,"thermal:silver_block":76,"refinedstorage:16k_storage_part":27,"mekanism:pressurized_reaction_chamber":1,"minecraft:furnace":10,"thermal:lumium_ingot":8,"minecraft:piston":2,"refinedstorage:quartz_enriched_iron":940,"minecraft:end_stone_bricks":100,"minecraft:glass_pane":32,"minecraft:diamond_block":416,"mekanism:jetpack":1,"refinedstorage:destruction_core":14,"refinedstorage:advanced_processor":6,"minecraft:leather":1,"minecraft:polished_deepslate":1152,"refinedstorage:filter":2,"exdeorum:string_mesh":3,"thermal_extra:soul_infused_dust":46,"thermal:constantan_ingot":4,"refinedstorage:silicon":64,"sophisticatedstorage:iron_barrel":1,"refinedstorage:1k_storage_part":249,"minecraft:glistering_melon_slice":144,"refinedstorage:1k_storage_disk":2,"minecraft:sugar":2,"mysticalagriculture:prudentium_essence":8,"minecraft:diamond_sword":1,"minecraft:cyan_dye":15,"thermal:constantan_gear":1,"mekanism:metallurgic_infuser":3,"pipez:energy_pipe":128,"minecraft:nether_bricks":12,"minecraft:copper_ore":5,"minecraft:bucket":11,"minecraft:air":0,"minecraft:bread":192,"mekanism:upgrade_speed":8,"minecraft:blue_dye":47,"minecraft:white_wool":79,"exdeorum:compressed_gravel":244,"minecraft:gold_nugget":108,"mekanism:enrichment_chamber":3,"exdeorum:compressed_cobbled_deepslate":133,"refinedstorage:construction_core":15,"mekanism:advanced_control_circuit":12,"minecraft:anvil":2,"minecraft:stonecutter":2,"exmachinis:flux_hammer":3,"refinedstorage:disk_manipulator":1,"minecraft:torch":284,"thermal:rf_coil":7,"minecraft:clay":96,"minecraft:lapis_block":671,"minecraft:diamond_chestplate":1},"minecraft:killed":{"minecraft:skeleton":118,"minecraft:chicken":1,"minecraft:iron_golem":5,"minecraft:zombie":179,"minecraft:wandering_trader":1,"minecraft:zombified_piglin":26,"minecraft:spider":2,"minecraft:zombie_villager":2,"minecraft:creeper":151,"minecraft:trader_llama":2,"minecraft:blaze":1,"minecraft:phantom":2,"minecraft:villager":48},"minecraft:broken":{"exdeorum:compressed_stone_hammer":2},"minecraft:picked_up":{"refinedstorage:speed_upgrade":4,"minecraft:prismarine_shard":665,"minecraft:lead":2,"mysticalagriculture:water_seeds":1,"exdeorum:iron_ore_chunk":15,"refinedstorage:controller":3,"minecraft:golden_sword":2,"mysticalagriculture:prosperity_seed_base":1,"refinedstorage:grid":3,"exdeorum:grass_seeds":18,"minecraft:string":74,"thermal:tin_ingot":59,"pipez:energy_pipe":71,"mysticalagriculture:inferium_essence":149,"minecraft:gold_nugget":15,"minecraft:cobbled_deepslate":23,"refinedstorage:64k_storage_disk":1,"minecraft:melon_slice":133,"minecraft:composter":4,"mysticalagriculture:prosperity_shard":714,"mysticalagriculture:inferium_seeds":26,"exdeorum:compressed_gravel":22,"minecraft:deepslate_tile_stairs":2,"refinedstorage:disk_drive":4,"minecraft:cauldron":11,"ars_nouveau:worn_notebook":1,"silentgear:axe_blueprint":3,"refinedstorage:1k_storage_disk":4,"mysticalagriculture:prudentium_essence":4,"minecraft:blaze_rod":1,"minecraft:iron_bars":4,"minecraft:feather":4,"minecraft:flint":167,"exdeorum:nickel_ore_chunk":16,"pipez:fluid_pipe":24,"minecraft:stonecutter":13,"minecraft:dark_oak_sign":3,"minecraft:glowstone_dust":402,"exdeorum:crushed_blackstone":953,"mekanism:metallurgic_infuser":1,"thermal:nickel_ore":25,"exdeorum:flint_mesh":6,"minecraft:dark_oak_log":158,"minecraft:bundle":5,"minecraft:dispenser":1,"exdeorum:diamond_mesh":16,"exdeorum:copper_ore_chunk":11,"minecraft:bread":40,"minecraft:diamond_pickaxe":3,"silentgear:rod_blueprint":1,"exdeorum:gold_ore_chunk":6,"minecraft:crafting_table":2,"minecraft:coarse_dirt":12,"minecraft:clay_ball":96,"silentgear:pickaxe_blueprint":1,"exdeorum:granite_pebble":49,"refinedstorage:exporter":25,"exdeorum:zinc_ore_chunk":6,"minecraft:iron_nugget":901,"minecraft:poppy":136,"refinedstorage:storage_monitor":6,"minecraft:chest":17,"mysticalagriculture:nature_seeds":1,"pipez:item_pipe":23,"sophisticatedbackpacks:backpack":1,"minecraft:carrot":163,"minecraft:redstone":1,"minecraft:prismarine_crystals":25,"exdeorum:silk_worm":2,"minecraft:deepslate_bricks":8,"mekanism:chemical_injection_chamber":2,"refinedstorage:stack_upgrade":4,"mysticalagriculture:water_essence":1,"exdeorum:andesite_pebble":42,"exdeorum:crushed_deepslate":1204,"mekanism:electric_pump":4,"mysticalagriculture:fertilized_essence":48,"rftoolspower:coalgenerator":1,"minecraft:oak_log":1942,"minecraft:paper":1,"exdeorum:compressed_cobblestone":2,"mysticalagriculture:gold_essence":7,"minecraft:apple":2,"exdeorum:stone_pebble":546,"tombstone:bag_of_seeds":4,"minecraft:glass_bottle":4,"mysticalagriculture:wood_essence":2,"exdeorum:deepslate_pebble":3288,"minecraft:dark_oak_slab":9,"mysticalagriculture:iron_essence":133,"refinedstorage:security_card":6,"exdeorum:lead_ore_chunk":7,"minecraft:gravel":2573,"minecraft:spruce_sapling":1,"minecraft:spruce_log":37,"exdeorum:silver_ore_chunk":7,"minecraft:sea_lantern":1,"refinedstorage:64k_fluid_storage_disk":4,"minecraft:polished_diorite":66,"exdeorum:uranium_ore_chunk":11,"minecraft:melon_seeds":2,"minecraft:hopper":10,"minecraft:ender_pearl":1,"exdeorum:mycelium_spores":10,"minecraft:wheat":26,"mekanism:electrolytic_separator":10,"mysticalagriculture:iron_seeds":16,"mysticalagriculture:dirt_essence":15,"minecraft:deepslate_tiles":289,"minecraft:bucket":2,"minecraft:cobblestone_slab":231,"minecraft:deepslate_tile_wall":9,"minecraft:furnace":5,"minecraft:stick":29,"minecraft:torch":96,"mekanism:advanced_fluid_tank":6,"minecraft:pointed_dripstone":5,"tombstone:grave_dust":40,"thermal:machine_furnace":3,"minecraft:quartz_block":1,"minecraft:cactus":75,"silentgear:leather_scrap":14,"minecraft:rotten_flesh":219,"mysticalagriculture:brass_seeds":1,"exdeorum:tin_ore_chunk":18,"silentgear:shovel_blueprint":1,"refinedstorage:1k_storage_part":7,"minecraft:obsidian":8,"minecraft:cobblestone":406,"exdeorum:osmium_ore_chunk":9,"minecraft:potato":144,"minecraft:lapis_lazuli":197,"mysticalagriculture:dirt_seeds":1,"minecraft:dirt":564,"minecraft:leather_boots":1,"minecraft:glass":2,"minecraft:bone":184,"minecraft:bow":3,"minecraft:wheat_seeds":59,"minecraft:fletching_table":17,"minecraft:bamboo":5,"minecraft:oak_planks":2188,"mekanism:rotary_condensentrator":7,"mysticalagriculture:nature_essence":11,"minecraft:poisonous_potato":3,"minecraft:sand":1621,"exdeorum:crushed_end_stone":600,"minecraft:dead_bush":3,"minecraft:grass_block":11,"minecraft:spruce_boat":16,"minecraft:diamond":8,"mysticalagriculture:redstone_seeds":286,"minecraft:emerald":4,"minecraft:oak_sapling":1966,"minecraft:netherrack":86,"minecraft:charcoal":280,"minecraft:chicken":1,"mysticalagriculture:redstone_essence":278,"exdeorum:oak_barrel":10,"exdeorum:blackstone_pebble":359,"thermal:silver_ingot":63,"minecraft:blackstone":896,"exdeorum:compressed_diamond_hammer":1,"mysticalagriculture:gold_seeds":3,"minecraft:lectern":4,"minecraft:sugar_cane":185,"minecraft:dark_oak_sapling":25,"mysticalagriculture:nether_essence":70,"minecraft:raw_iron":6,"minecraft:end_stone":25,"botania:hourglass":1,"minecraft:dark_oak_planks":2,"exdeorum:crimson_barrel":5,"minecraft:arrow":148,"exdeorum:diorite_pebble":35,"mysticalagriculture:nether_quartz_essence":182,"mysticalagriculture:nether_quartz_seeds":185,"silentgear:knife_blueprint":1,"silentgear:machete_blueprint":1,"minecraft:air":0,"minecraft:cobblestone_wall":7,"minecraft:gunpowder":169,"thermal:niter_dust":128,"exdeorum:oak_sieve":12,"minecraft:iron_ingot":10,"refinedstorage:cable":50,"mysticalagriculture:nether_seeds":74,"minecraft:soul_sand":4,"minecraft:book":114,"mysticalagriculture:end_seeds":33,"mekanism:ingot_steel":10,"mysticalagriculture:end_essence":33,"minecraft:oak_slab":59,"minecraft:quartz":1,"minecraft:dandelion":2,"mekanism:basic_chemical_tank":2,"refinedstorage:quartz_enriched_iron":6,"minecraft:amethyst_shard":75,"tombstone:book_of_magic_impregnation":1,"minecraft:white_bed":6,"mysticalagriculture:wood_seeds":14,"mekanism:raw_osmium":2,"minecraft:spider_eye":1,"refinedstorage:importer":14,"mekanismgenerators:wind_generator":31,"minecraft:pumpkin_seeds":6,"minecraft:campfire":4,"botania:terrasteel_chestplate":2,"tombstone:magic_scroll":6,"minecraft:coal":3},"minecraft:dropped":{"sophisticatedbackpacks:upgrade_base":1,"exdeorum:crushed_blackstone":9,"minecraft:lapis_lazuli":189,"minecraft:cooked_beef":144,"minecraft:chorus_fruit":32,"minecraft:glass_bottle":2,"minecraft:diamond":128,"minecraft:dark_oak_slab":9,"exdeorum:zinc_ore_chunk":7,"minecraft:cookie":432,"refinedstorage:exporter":1,"minecraft:quartz_pillar":12,"minecraft:emerald":2,"exdeorum:gold_ore_chunk":5,"minecraft:dirt":370,"thermal:nickel_ingot":27,"mysticalagriculture:nature_essence":6,"thermal:niter_dust":128,"exdeorum:granite_pebble":49,"minecraft:gold_nugget":45,"minecraft:bone_meal":9,"minecraft:sand":10,"thermal_extra:machine_speed_augment_1":1,"minecraft:white_wool":64,"exdeorum:lead_ore_chunk":22,"minecraft:bone":102,"minecraft:sugar_cane":37,"minecraft:iron_nugget":901,"minecraft:cobbled_deepslate":291,"minecraft:wheat":6,"tombstone:gift":1,"minecraft:rotten_flesh":99,"minecraft:oak_planks":1024,"minecraft:end_stone":3,"minecraft:glowstone_dust":401,"minecraft:blaze_powder":3,"exdeorum:silver_ore_chunk":46,"minecraft:black_glazed_terracotta":12,"refinedstorage:filter":2,"minecraft:sea_lantern":20,"minecraft:deepslate_tiles":148,"create:scoria":1,"minecraft:charcoal":7,"mysticalagriculture:inferium_essence":68,"minecraft:quartz_block":12,"minecraft:hopper":1,"refinedstorage:1k_storage_part":7,"exdeorum:compressed_gravel":7,"thermal:rice_seeds":3,"minecraft:end_stone_bricks":100,"minecraft:glass":108,"minecraft:enchanted_book":2,"minecraft:iron_ingot":33,"minecraft:wheat_seeds":10,"exdeorum:deepslate_pebble":12699,"minecraft:iron_helmet":1,"minecraft:cobblestone":160,"mysticalagriculture:gold_essence":6,"minecraft:prismarine_crystals":676,"minecraft:apple":1,"botania:terrasteel_chestplate":2,"exdeorum:oak_sieve":2,"mysticalagriculture:dirt_essence":7,"minecraft:coal":3,"mysticalagriculture:nether_quartz_essence":4,"minecraft:lava_bucket":1,"minecraft:blackstone_wall":6,"exdeorum:silk_worm":2,"createaddition:electrum_ingot":1,"minecraft:dead_bush":3,"minecraft:paper":3,"minecraft:string":9,"minecraft:spruce_sapling":1,"minecraft:furnace":3,"thermal:amaranth_seeds":3,"minecraft:cobblestone_wall":3,"thermal:silver_ingot":71,"minecraft:dark_oak_sign":3,"botania:hourglass":1,"minecraft:chicken":1,"silentgear:emerald_shard":9,"mysticalagriculture:fertilized_essence":28,"cobblefordays:tier_5":1,"exdeorum:compressed_diamond_hammer":1,"minecraft:pumpkin_seeds":6,"minecraft:suspicious_stew":24,"minecraft:potato":143,"minecraft:cobblestone_slab":195,"minecraft:spruce_boat":7,"mysticalagriculture:gold_seeds":3,"pipez:energy_pipe":13,"minecraft:bundle":2,"minecraft:diamond_pickaxe":3,"exdeorum:diorite_pebble":35,"minecraft:spider_eye":1,"minecraft:bamboo":5,"minecraft:bow":2,"exdeorum:andesite_pebble":42,"exdeorum:blackstone_pebble":2538,"mekanism:ingot_steel":10,"pipez:wrench":1,"mysticalagriculture:nature_seeds":1,"minecraft:oak_log":1869,"minecraft:ender_pearl":1,"minecraft:dark_oak_sapling":2,"refinedstorage:security_card":9,"exdeorum:copper_ore_chunk":15,"exdeorum:crimson_barrel":1,"silentgear:blueprint_package":1,"minecraft:flint":182,"tombstone:bag_of_seeds":2,"minecraft:dark_oak_log":134,"minecraft:dispenser":1,"minecraft:dark_oak_wood":3,"exdeorum:compressed_stone_hammer":1,"minecraft:amethyst_shard":71,"mekanismgenerators:wind_generator":2,"minecraft:gold_ingot":27,"enderio:grains_of_infinity":7,"minecraft:gravel":1126,"minecraft:blackstone":896,"mysticalagriculture:prudentium_essence":13,"exdeorum:crushed_end_stone":259,"mysticalagriculture:wood_essence":2,"minecraft:carrot":90,"mysticalagriculture:wood_seeds":14,"refinedstorage:64k_fluid_storage_disk":2,"minecraft:poppy":314,"thermal:tin_ingot":85,"exdeorum:crushed_deepslate":903,"minecraft:gunpowder":69,"silentgear:axe_blueprint":2,"minecraft:melon_seeds":2,"minecraft:chest":4,"silentgear:leather_scrap":5,"minecraft:arrow":38,"minecraft:quartz":61,"minecraft:netherrack":10,"minecraft:bread":232,"minecraft:oak_slab":96,"exdeorum:mycelium_spores":7,"exdeorum:uranium_ore_chunk":9,"minecraft:poisonous_potato":3,"minecraft:prismarine_shard":1280,"minecraft:lead":2,"minecraft:spectral_arrow":1,"minecraft:copper_ingot":66,"exdeorum:iron_ore_chunk":34,"exdeorum:osmium_ore_chunk":11,"minecraft:grass_block":11,"minecraft:stick":8,"mekanism:enriched_iron":1,"tombstone:magic_scroll":2,"minecraft:torch":169,"exdeorum:grass_seeds":10,"mysticalagriculture:end_essence":1,"tombstone:grave_dust":27,"sophisticatedbackpacks:crafting_upgrade":1,"minecraft:cactus":8,"exdeorum:stone_pebble":575,"minecraft:bucket":2,"minecraft:dandelion":1,"minecraft:polished_diorite":75,"sophisticatedstorage:diamond_barrel":1,"exdeorum:diamond_mesh":3,"minecraft:blaze_rod":1,"exdeorum:oak_barrel":1,"exdeorum:flint_mesh":6,"exdeorum:nickel_ore_chunk":18,"silentgear:fluffy_seeds":1,"thermal:hops_seeds":3,"exdeorum:tin_ore_chunk":22,"minecraft:oak_sapling":1849,"minecraft:golden_sword":2,"minecraft:spruce_log":74,"tombstone:book_of_magic_impregnation":1},"minecraft:used":{"refinedstorage:exporter":29,"minecraft:dispenser":3,"rftoolspower:coalgenerator":2,"minecraft:chest":41,"botania:terrasteel_chestplate":1,"minecraft:soul_sand":1,"minecraft:spruce_boat":9,"mysticalagriculture:redstone_seeds":286,"mekanism:advanced_fluid_tank":7,"refinedstorage:white_crafting_grid":1,"minecraft:lava_bucket":20,"minecraft:quartz_block":1,"minecraft:bow":138,"create:shaft":11,"minecraft:oak_sapling":14,"minecraft:furnace":6,"minecraft:cactus":3,"minecraft:composter":4,"refinedstorage:storage_monitor":6,"rftoolsutility:crafter3":2,"minecraft:sand":103,"exdeorum:compressed_cobbled_deepslate":133,"minecraft:deepslate_tiles":1585,"minecraft:lectern":5,"mekanism:rotary_condensentrator":9,"minecraft:diamond_sword":643,"minecraft:smithing_table":1,"sophisticatedstorage:diamond_barrel":1,"exmachinis:flux_sieve":6,"minecraft:iron_bars":15,"minecraft:enchanting_table":1,"exdeorum:compressed_diamond_hammer":469,"minecraft:netherrack":5,"refinedstorage:grid":5,"minecraft:torch":171,"mysticalagriculture:water_seeds":1,"minecraft:anvil":2,"sophisticatedstorage:iron_barrel":1,"minecraft:polished_diorite":3,"minecraft:spawner":2,"exdeorum:crushed_deepslate":42,"minecraft:blaze_spawn_egg":2,"minecraft:glowstone":29,"tombstone:gift":4,"minecraft:cobbled_deepslate":81,"minecraft:pointed_dripstone":5,"exdeorum:oak_sieve":26,"minecraft:wheat_seeds":6,"minecraft:water_bucket":16,"thermal:machine_pulverizer":1,"minecraft:cauldron":16,"minecraft:fletching_table":23,"minecraft:deepslate_bricks":82,"minecraft:oak_slab":55,"minecraft:crafting_table":6,"thermal:machine_furnace":4,"minecraft:white_bed":9,"minecraft:campfire":8,"refinedstorage:disk_manipulator":1,"minecraft:deepslate_tile_wall":49,"mysticalagriculture:dirt_seeds":1,"minecraft:diamond_pickaxe":1170,"minecraft:diamond_shovel":393,"refinedstorage:crafting_grid":1,"mysticalagriculture:end_seeds":33,"exdeorum:end_cake":1,"minecraft:chiseled_stone_bricks":5,"minecraft:cobblestone":79,"minecraft:diamond_hoe":36,"mekanism:osmium_ore":2,"mekanism:chemical_injection_chamber":3,"refinedstorage:controller":5,"mysticalagriculture:inferium_seeds":1,"minecraft:obsidian":1,"mysticalagriculture:nether_quartz_seeds":184,"mysticalagriculture:inferium_essence":8,"mekanismgenerators:wind_generator":65,"minecraft:iron_helmet":1,"refinedstorage:importer":34,"minecraft:repeater":4,"pipez:item_pipe":69,"refinedstorage:disk_drive":7,"minecraft:dark_oak_sapling":15,"refinedstorage:destructor":4,"minecraft:oak_planks":121,"minecraft:ender_pearl":8,"minecraft:sugar_cane":5,"minecraft:diamond_axe":483,"exdeorum:compressed_gravel":195,"minecraft:redstone_torch":6,"exdeorum:oak_barrel":19,"mekanism:crusher":1,"mekanism:metallurgic_infuser":5,"minecraft:gravel":59,"exmachinis:flux_hammer":9,"minecraft:grindstone":1,"exdeorum:compressed_stone_hammer":263,"minecraft:coarse_dirt":12,"minecraft:bone_meal":13,"exdeorum:mycelium_spores":3,"mekanism:jetpack":3,"minecraft:redstone":5,"minecraft:dirt":403,"minecraft:hopper":16,"minecraft:cobblestone_wall":4,"botania:hourglass":1,"minecraft:dark_oak_planks":2,"minecraft:bookshelf":52,"exdeorum:porcelain_crucible":8,"minecraft:golden_carrot":20,"minecraft:deepslate_tile_stairs":8,"mekanism:electrolytic_separator":11,"mekanism:pressurized_reaction_chamber":1,"minecraft:cooked_beef":47,"mysticalagriculture:nether_seeds":74,"pipez:fluid_pipe":52,"minecraft:iron_ore":6,"mekanism:electric_pump":5,"exdeorum:compressed_end_stone":66,"refinedstorage:security_manager":1,"minecraft:stonecutter":15,"minecraft:cobblestone_slab":526,"exdeorum:compressed_cobblestone":249,"exdeorum:crimson_barrel":10,"tombstone:bag_of_seeds":1,"mekanism:basic_chemical_tank":2,"refinedstorage:cable":117,"minecraft:apple":1,"craftingstation:crafting_station":2,"exdeorum:compressed_blackstone":106,"exdeorum:diamond_hammer":1,"minecraft:bucket":66,"enderio:stirling_generator":1,"pipez:energy_pipe":226},"minecraft:custom":{"minecraft:interact_with_crafting_table":40,"minecraft:open_barrel":209,"minecraft:leave_game":18,"minecraft:time_since_death":23878,"minecraft:play_time":1069303,"minecraft:deaths":25,"minecraft:jump":8157,"minecraft:enchant_item":4,"minecraft:interact_with_furnace":46,"minecraft:traded_with_villager":613,"minecraft:sleep_in_bed":2,"minecraft:damage_dealt":37928,"tombstone:undead_killed":327,"tombstone:create_ancient_item":1,"minecraft:use_cauldron":42,"minecraft:interact_with_smithing_table":2,"minecraft:inspect_dispenser":4,"minecraft:interact_with_anvil":11,"minecraft:inspect_hopper":195,"minecraft:damage_dealt_absorbed":118,"minecraft:sneak_time":75263,"minecraft:total_world_time":1069303,"tombstone:raider_killed":2,"minecraft:interact_with_stonecutter":9,"minecraft:time_since_rest":23790,"minecraft:fly_one_cm":2311663,"minecraft:open_chest":1302,"minecraft:fall_one_cm":283597,"minecraft:sprint_one_cm":1245747,"minecraft:drop":1045,"minecraft:talked_to_villager":129,"minecraft:walk_on_water_one_cm":5178,"minecraft:player_kills":5,"minecraft:crouch_one_cm":306238,"tombstone:villager_killed":49,"minecraft:mob_kills":544,"minecraft:fill_cauldron":2,"minecraft:damage_dealt_resisted":98,"minecraft:climb_one_cm":3215,"minecraft:walk_one_cm":1396646,"tombstone:consume_soul":17,"minecraft:walk_under_water_one_cm":6280,"minecraft:boat_one_cm":83974,"minecraft:interact_with_grindstone":4,"minecraft:damage_taken":12574,"minecraft:damage_absorbed":9,"tombstone:use_magic_impregnation":17},"minecraft:killed_by":{"minecraft:player":10,"thermal:basalz":1},"minecraft:mined":{"minecraft:dark_oak_planks":2,"mekanismgenerators:wind_generator":30,"minecraft:white_bed":6,"mysticalagriculture:nature_crop":1,"minecraft:obsidian":8,"minecraft:deepslate_tile_wall":9,"minecraft:deepslate_bricks":82,"minecraft:deepslate_tile_stairs":4,"minecraft:hopper":12,"minecraft:cobbled_deepslate":41,"minecraft:fire":15,"minecraft:barrel":1,"pipez:fluid_pipe":25,"minecraft:fletching_table":17,"minecraft:dirt_path":368,"exdeorum:compressed_end_stone":66,"minecraft:tripwire":5,"mekanism:osmium_ore":2,"pipez:energy_pipe":71,"minecraft:torch":16,"exdeorum:crimson_barrel":7,"thermal:machine_furnace":2,"minecraft:melon":24,"refinedstorage:importer":14,"minecraft:sugar_cane":95,"minecraft:wheat":6,"mekanism:advanced_fluid_tank":6,"exdeorum:oak_barrel":10,"minecraft:dark_oak_sapling":8,"minecraft:stonecutter":13,"mysticalagriculture:iron_crop":16,"minecraft:deepslate_tiles":329,"mysticalagriculture:gold_crop":3,"minecraft:dark_oak_log":159,"refinedstorage:exporter":24,"mekanism:basic_chemical_tank":2,"exdeorum:compressed_cobbled_deepslate":133,"minecraft:cobblestone_slab":267,"minecraft:oak_slab":10,"exdeorum:infested_leaves":10,"exdeorum:compressed_gravel":195,"mysticalagriculture:end_crop":33,"mysticalagriculture:water_crop":1,"minecraft:coarse_dirt":5,"minecraft:cobblestone_wall":6,"sophisticatedstorage:diamond_barrel":1,"minecraft:dark_oak_sign":1,"minecraft:gravel":15,"mekanism:electric_pump":3,"minecraft:oak_sapling":2,"mekanism:electrolytic_separator":9,"minecraft:grass_block":8,"exdeorum:compressed_blackstone":106,"mekanism:rotary_condensentrator":7,"minecraft:polished_diorite":2,"minecraft:composter":4,"refinedstorage:grid":3,"minecraft:glowstone":29,"minecraft:iron_ore":6,"minecraft:iron_bars":4,"exdeorum:oak_sieve":12,"mysticalagriculture:wood_crop":6,"mysticalagriculture:nether_quartz_crop":170,"mysticalagriculture:redstone_crop":262,"minecraft:quartz_block":1,"mysticalagriculture:inferium_crop":23,"minecraft:chest":17,"minecraft:cobblestone":42,"minecraft:oak_planks":53,"refinedstorage:disk_drive":4,"minecraft:wall_torch":5,"minecraft:cauldron":1,"minecraft:warped_nylium":11,"botania:hourglass":1,"minecraft:lava_cauldron":10,"minecraft:oak_log":68,"minecraft:dirt":16,"refinedstorage:storage_monitor":6,"minecraft:dispenser":1,"refinedstorage:controller":3,"minecraft:netherrack":58,"minecraft:oak_leaves":2,"mysticalagriculture:nether_crop":71,"mysticalagriculture:brass_crop":1,"refinedstorage:cable":50,"minecraft:furnace":6,"rftoolspower:coalgenerator":1,"minecraft:bookshelf":37,"mekanism:chemical_injection_chamber":2,"pipez:item_pipe":27,"minecraft:crafting_table":2,"minecraft:lectern":4,"mekanism:metallurgic_infuser":1,"mysticalagriculture:dirt_crop":1,"minecraft:cactus":44,"exdeorum:compressed_cobblestone":249}},"DataVersion":3465}