{"stats":{"minecraft:used":{"create:deployer":9,"create:brass_casing":9,"rftoolspower:coalgenerator":12,"minecraft:chest":34,"minecraft:stone":2,"create:mechanical_crafter":89,"create:depot":9,"mysticalagriculture:redstone_seeds":141,"minecraft:spruce_boat":5,"minecraft:lava_bucket":3,"create:shaft":79,"minecraft:furnace":21,"minecraft:egg":1,"minecraft:potato":42,"minecraft:golden_apple":1,"rftoolsutility:crafter3":2,"mysticalagriculture:imperium_furnace":3,"mysticalagriculture:bronze_seeds":22,"mekanism:rotary_condensentrator":3,"minecraft:diamond_sword":539,"create:basin":8,"exmachinis:flux_sieve":7,"mysticalagriculture:wood_seeds":11,"refinedstorage:grid":1,"minecraft:torch":60,"mysticalagriculture:water_seeds":24,"silentgear:fluffy_seeds":2,"tombstone:decorative_tombstone":1,"tombstone:ankh_of_pray":5,"create:wrench":649,"create:gearbox":17,"sophisticatedstorage:diamond_chest":16,"minecraft:diamond_chestplate":1,"tombstone:gift":9,"mysticalagriculture:stone_seeds":63,"create:belt_connector":28,"minecraft:wheat_seeds":227,"minecraft:water_bucket":44,"create:brass_tunnel":6,"create:blaze_burner":1,"minecraft:crafting_table":1,"thermal:machine_furnace":1,"minecraft:white_bed":4,"minecraft:spruce_log":37,"minecraft:oak_log":128,"mysticalagriculture:dirt_seeds":8,"minecraft:diamond_pickaxe":485,"enderio:crafter":3,"create:water_wheel":30,"mysticalagriculture:iron_seeds":294,"refinedstorage:crafting_grid":1,"tombstone:magic_scroll":2,"minecraft:spruce_sapling":86,"minecraft:cobblestone":136,"minecraft:iron_shovel":95,"minecraft:diamond_hoe":266,"mysticalagriculture:dye_seeds":4,"create:portable_storage_interface":13,"create:mechanical_bearing":3,"create:cogwheel":91,"minecraft:carrot":10,"refinedstorage:controller":1,"mysticalagriculture:inferium_seeds":871,"mysticalagriculture:nether_quartz_seeds":22,"tombstone:decorative_grave_simple":14,"mysticalagriculture:inferium_essence":29,"mekanismgenerators:wind_generator":11,"refinedstorage:importer":11,"mysticalagriculture:constantan_seeds":39,"pipez:item_pipe":15,"rftoolsutility:timer":4,"ars_nouveau:sourceberry_bush":44,"minecraft:beetroot_seeds":10,"mekanism:jetpack_armored":4,"refinedstorage:disk_drive":1,"minecraft:diamond_boots":1,"minecraft:oak_planks":51,"minecraft:sugar_cane":2,"minecraft:diamond_axe":1638,"mysticalagriculture:nature_seeds":12,"minecraft:redstone_torch":2,"minecraft:lever":5,"minecraft:dark_oak_log":10,"minecraft:bread":65,"create:andesite_casing":29,"exmachinis:flux_hammer":23,"mysticalagriculture:electrum_seeds":40,"create:vertical_gearbox":23,"create:large_cogwheel":49,"minecraft:flint_and_steel":1,"minecraft:spruce_planks":45,"minecraft:dirt":501,"create:mechanical_mixer":6,"minecraft:hopper":5,"mysticalagriculture:gold_seeds":80,"minecraft:granite":10,"minecraft:dark_oak_planks":17,"cobblefordays:tier_5":2,"minecraft:cooked_beef":1,"pipez:fluid_pipe":1,"thermal:machine_press":7,"create:empty_blaze_burner":11,"minecraft:baked_potato":35,"minecraft:cobblestone_slab":780,"create:brass_funnel":24,"create:mechanical_harvester":28,"mysticalagriculture:brass_seeds":66,"tombstone:bag_of_seeds":1,"refinedstorage:cable":42,"minecraft:apple":1,"create:mechanical_press":6,"craftingstation:crafting_station":8,"exdeorum:mechanical_hammer":3,"create:windmill_bearing":8,"create:large_water_wheel":3,"minecraft:bucket":49,"create:hand_crank":3,"pipez:energy_pipe":60},"minecraft:crafted":{"pipez:wrench":1,"thermal:machine_furnace":1,"create:brass_nugget":63,"thermal:copper_gear":2,"minecraft:lever":1,"sophisticatedbackpacks:crafting_upgrade":2,"sophisticatedstorage:stack_upgrade_tier_1":13,"sophisticatedstorage:stack_upgrade_tier_3":12,"refinedstorage:64k_storage_part":1,"thermal:machine_frame":2,"minecraft:iron_bars":48,"minecraft:granite":48,"create:vertical_gearbox":8,"sophisticatedbackpacks:smelting_upgrade":1,"minecraft:glass":104,"minecraft:diamond_helmet":1,"minecraft:diamond_leggings":1,"refinedstorage:crafting_grid":1,"sophisticatedbackpacks:copper_backpack":1,"create:mechanical_press":1,"refinedstorage:grid":2,"sophisticatedstorage:stack_upgrade_tier_4":12,"mekanism:rotary_condensentrator":1,"rftoolsbase:machine_base":1,"create:brass_funnel":6,"create:cogwheel":56,"mekanism:energy_tablet":1,"tombstone:book_of_magic_impregnation":9,"create:rose_quartz":19,"minecraft:diamond_axe":2,"refinedstorage:storage_housing":2,"minecraft:clock":1,"craftingstation:crafting_station":6,"createaddition:electrum_ingot":1504,"mysticalagriculture:supremium_essence":16,"create:mechanical_mixer":1,"create:gearbox":13,"thermal:tin_gear":2,"exdeorum:flint_mesh":6,"sophisticatedbackpacks:auto_smelting_upgrade":1,"minecraft:iron_block":72,"minecraft:gold_ingot":3282,"create:large_cogwheel":7,"refinedstorage:importer":7,"refinedstorage:machine_casing":2,"mysticalagriculture:infusion_crystal":3,"mekanism:advanced_chemical_tank":1,"minecraft:fire_charge":9,"mekanism:osmium_ore":1,"mysticalagriculture:inferium_furnace":1,"thermal:iron_gear":5,"create:wrench":1,"minecraft:iron_nugget":477,"minecraft:diamond_hoe":1,"mekanism:basic_chemical_tank":3,"thermal:charcoal_block":77,"mysticalagriculture:inferium_ingot":4,"sophisticatedstorage:upgrade_base":16,"minecraft:spruce_slab":6,"mysticalagriculture:imperium_ingot":2,"minecraft:diamond_boots":1,"minecraft:redstone_block":20,"sophisticatedstorage:blasting_upgrade":1,"create:electron_tube":8,"create:windmill_bearing":1,"minecraft:dark_oak_planks":24,"create:belt_connector":4,"mysticalagriculture:imperium_furnace":1,"rftoolsbase:filter_module":2,"exdeorum:diamond_hammer":12,"thermal:bronze_ingot":4,"create:brass_tunnel":2,"minecraft:dried_kelp":48,"create:goggles":1,"sophisticatedstorage:auto_blasting_upgrade":1,"sophisticatedbackpacks:gold_backpack":2,"refinedstorage:raw_improved_processor":4,"mysticalagriculture:prosperity_gemstone":1,"silentgear:bronze_ingot":12,"minecraft:golden_apple":64,"refinedstorage:raw_basic_processor":42,"create:shaft":112,"refinedstorage:improved_processor":4,"mysticalagriculture:prudentium_block":1,"thermal:nickel_ore":1,"minecraft:oak_planks":4,"sophisticatedstorage:stack_upgrade_tier_1_plus":1,"minecraft:cobblestone_slab":870,"mekanism:block_steel":1,"sophisticatedstorage:gold_chest":5,"refinedstorage:cable":60,"refinedstorage:controller":1,"minecraft:stone":98,"create:mechanical_harvester":8,"tombstone:decorative_tombstone":1,"refinedstorage:64k_storage_disk":2,"mysticalagriculture:tertium_block":2,"create:mechanical_bearing":1,"create:deployer":1,"mysticalagriculture:prosperity_seed_base":10,"minecraft:hopper":22,"refinedstorage:4k_storage_part":12,"rftoolsutility:crafter1":2,"minecraft:chest":45,"mysticalagriculture:tertium_essence":485,"minecraft:copper_block":4,"mekanism:basic_fluid_tank":1,"minecraft:bricks":2,"refinedstorage:disk_drive":1,"create:brass_hand":1,"mysticalagriculture:supremium_gemstone":1,"sophisticatedstorage:diamond_chest":5,"rftoolspower:coalgenerator":1,"rftoolsutility:timer":1,"create:depot":3,"minecraft:crafting_table":33,"minecraft:spruce_planks":428,"minecraft:iron_helmet":1,"minecraft:baked_potato":24,"minecraft:kelp":48,"create:brass_ingot":812,"tombstone:decorative_grave_simple":14,"create:sand_paper":2,"minecraft:gold_block":34,"sophisticatedbackpacks:upgrade_base":4,"refinedstorage:basic_processor":42,"minecraft:diorite":62,"rftoolsutility:crafter2":2,"mysticalagriculture:prudentium_furnace":1,"minecraft:book":9,"minecraft:paper":33,"minecraft:charcoal":865,"minecraft:diamond_pickaxe":1,"create:water_wheel":7,"create:portable_storage_interface":8,"create:super_glue":1,"minecraft:stick":100,"rftoolsutility:crafter3":2,"minecraft:iron_ingot":5083,"mysticalagriculture:tertium_furnace":1,"minecraft:redstone_torch":28,"sophisticatedstorage:smelting_upgrade":1,"mysticalagriculture:imperium_essence":113,"mysticalagriculture:master_infusion_crystal":1,"create:spruce_window":10,"create:empty_blaze_burner":1,"exmachinis:flux_sieve":4,"create:chute":8,"minecraft:redstone":1533,"refinedstorage:16k_storage_disk":1,"rftoolsbase:machine_frame":6,"refinedstorage:16k_storage_part":4,"sophisticatedstorage:iron_chest":5,"minecraft:furnace":15,"mysticalagriculture:prosperity_ingot":52,"thermal:tin_ore":2,"mekanism:jetpack_armored":1,"minecraft:glass_pane":32,"minecraft:diamond_block":24,"mekanism:jetpack":1,"minecraft:flint_and_steel":1,"refinedstorage:destruction_core":9,"enderio:crafter":2,"mysticalagriculture:inferium_essence":128,"mysticalagriculture:inferium_block":1,"minecraft:leather":1,"refinedstorage:filter":2,"exdeorum:string_mesh":6,"thermal:constantan_ingot":24,"minecraft:clay_ball":96,"refinedstorage:silicon":64,"create:basin":1,"refinedstorage:1k_storage_part":32,"sophisticatedbackpacks:iron_backpack":2,"mysticalagriculture:prudentium_essence":1954,"create:andesite_alloy":213,"create:hand_crank":1,"minecraft:diamond_sword":1,"thermal:constantan_gear":2,"enderio:void_chassis":2,"thermal:machine_press":1,"pipez:energy_pipe":16,"create:large_water_wheel":2,"mysticalagriculture:imperium_block":1,"thermal:diamond_dust":2,"tombstone:ankh_of_pray":1,"minecraft:copper_ore":1,"minecraft:bucket":4,"minecraft:air":0,"minecraft:bread":64,"create:spruce_window_pane":16,"minecraft:blue_dye":4,"sophisticatedstorage:chest":5,"create:whisk":1,"minecraft:gold_nugget":9,"mysticalagriculture:prudentium_ingot":2,"mysticalagriculture:tertium_ingot":2,"create:mechanical_crafter":9,"tombstone:dark_marble":88,"refinedstorage:construction_core":1,"exmachinis:flux_hammer":6,"minecraft:andesite":5207,"sophisticatedstorage:stack_upgrade_tier_2":12,"minecraft:torch":64,"thermal:rf_coil":2,"minecraft:diamond_chestplate":1},"minecraft:killed_by":{"minecraft:player":12,"minecraft:enderman":1},"minecraft:killed":{"minecraft:skeleton":137,"minecraft:chicken":13,"minecraft:zombie":117,"minecraft:cow":8,"minecraft:zombified_piglin":2,"minecraft:witch":2,"minecraft:spider":2,"minecraft:pig":7,"minecraft:zombie_villager":3,"minecraft:creeper":128,"minecraft:sheep":2},"minecraft:broken":{"create:sand_paper":1},"minecraft:mined":{"mekanismgenerators:wind_generator":4,"minecraft:dark_oak_planks":17,"create:brass_tunnel":2,"minecraft:white_bed":9,"create:andesite_casing":28,"mysticalagriculture:nature_crop":12,"minecraft:hopper":3,"create:belt":7,"minecraft:fire":4,"minecraft:barrel":2,"pipez:fluid_pipe":1,"minecraft:fletching_table":2,"create:mechanical_press":4,"create:cogwheel":1,"pipez:energy_pipe":26,"exmachinis:flux_hammer":17,"minecraft:torch":12,"sophisticatedstorage:diamond_chest":11,"refinedstorage:importer":2,"minecraft:glass":2,"minecraft:sugar_cane":20,"mysticalagriculture:imperium_furnace":2,"create:basin":3,"create:portable_storage_interface":2,"minecraft:wheat":205,"create:brass_belt_funnel":4,"thermal:machine_press":6,"create:hand_crank":1,"mysticalagriculture:iron_crop":269,"mysticalagriculture:gold_crop":74,"minecraft:dark_oak_log":4,"mysticalagriculture:dye_crop":2,"mysticalagriculture:bronze_crop":22,"rftoolsutility:timer":3,"silentgear:fluffy_plant":2,"create:shaft":29,"minecraft:potatoes":29,"minecraft:cobblestone_slab":72,"create:deployer":3,"minecraft:oak_slab":44,"minecraft:soul_sand":1,"enderio:crafter":3,"exmachinis:flux_sieve":4,"create:water_wheel":9,"mysticalagriculture:water_crop":19,"craftingstation:crafting_station":7,"create:blaze_burner":5,"minecraft:cobblestone_wall":84,"create:gearbox":14,"minecraft:spruce_log":1069,"minecraft:spruce_planks":25,"minecraft:farmland":42,"minecraft:grass_block":77,"mekanism:rotary_condensentrator":3,"minecraft:polished_diorite":1,"ars_nouveau:sourceberry_bush":41,"mysticalagriculture:electrum_crop":30,"exdeorum:oak_sieve":8,"mysticalagriculture:wood_crop":11,"mysticalagriculture:nether_quartz_crop":20,"exdeorum:mechanical_hammer":2,"mysticalagriculture:redstone_crop":139,"mysticalagriculture:inferium_crop":879,"minecraft:chest":27,"create:brass_casing":4,"minecraft:cobblestone":100,"minecraft:oak_planks":100,"create:large_water_wheel":1,"mysticalagriculture:constantan_crop":34,"mysticalagriculture:stone_crop":54,"minecraft:oak_log":3,"minecraft:dirt":51,"create:brass_funnel":9,"mysticalagriculture:brass_crop":54,"minecraft:lever":4,"create:depot":5,"minecraft:spruce_leaves":7,"refinedstorage:cable":10,"minecraft:spruce_sapling":12,"minecraft:furnace":14,"create:windmill_bearing":1,"rftoolspower:coalgenerator":11,"minecraft:stone":2,"minecraft:redstone_wall_torch":2,"minecraft:podzol":19,"pipez:item_pipe":10,"minecraft:oak_fence":51,"minecraft:crafting_table":3,"cobblefordays:tier_5":1,"mysticalagriculture:dirt_crop":8},"minecraft:custom":{"minecraft:interact_with_crafting_table":56,"minecraft:open_barrel":79,"minecraft:leave_game":14,"minecraft:time_since_death":671,"minecraft:play_time":1016542,"minecraft:deaths":29,"minecraft:jump":8004,"minecraft:interact_with_furnace":208,"minecraft:sleep_in_bed":2,"minecraft:damage_dealt":31238,"tombstone:undead_killed":259,"tombstone:create_ancient_item":2,"minecraft:use_cauldron":2,"minecraft:inspect_dropper":1,"minecraft:interact_with_anvil":1,"minecraft:inspect_hopper":17,"minecraft:damage_dealt_absorbed":89,"minecraft:sneak_time":44014,"minecraft:total_world_time":1016542,"tombstone:raider_killed":2,"minecraft:interact_with_stonecutter":1,"minecraft:time_since_rest":324,"minecraft:fly_one_cm":2212247,"minecraft:open_chest":1036,"minecraft:fall_one_cm":191263,"minecraft:sprint_one_cm":1418906,"minecraft:drop":729,"minecraft:talked_to_villager":4,"minecraft:walk_on_water_one_cm":6429,"tombstone:prayer_of_undead":4,"minecraft:player_kills":15,"minecraft:crouch_one_cm":162079,"minecraft:mob_kills":422,"minecraft:damage_dealt_resisted":739,"minecraft:climb_one_cm":1615,"minecraft:walk_one_cm":1890036,"tombstone:consume_soul":8,"minecraft:walk_under_water_one_cm":6598,"minecraft:boat_one_cm":138492,"tombstone:zombify":3,"minecraft:damage_taken":11337,"minecraft:damage_absorbed":22,"tombstone:use_magic_impregnation":8},"minecraft:picked_up":{"minecraft:diamond_sword":2,"mysticalagriculture:water_seeds":24,"minecraft:enchanted_book":9,"minecraft:golden_sword":3,"mysticalagriculture:prosperity_seed_base":9,"exdeorum:grass_seeds":20,"minecraft:string":77,"thermal:tin_ingot":48,"pipez:energy_pipe":53,"minecraft:beetroot":6,"create:water_wheel":10,"mysticalagriculture:inferium_essence":1071,"minecraft:spruce_planks":26,"minecraft:music_disc_blocks":1,"mysticalagriculture:electrum_seeds":41,"mysticalagriculture:prosperity_shard":16,"create:andesite_casing":28,"mysticalagriculture:constantan_seeds":39,"mysticalagriculture:inferium_seeds":965,"mysticalagriculture:infusion_crystal":2,"mysticalagriculture:electrum_essence":125,"ars_nouveau:sourceberry_bush":125,"mysticalagriculture:prudentium_essence":3,"minecraft:feather":20,"minecraft:cooked_beef":1,"minecraft:flint":216,"exdeorum:nickel_ore_chunk":7,"pipez:fluid_pipe":1,"create:shaft":33,"thermal:machine_press":6,"thermal:charcoal_block":55,"exmachinis:flux_hammer":17,"create:empty_blaze_burner":5,"exdeorum:flint_mesh":8,"sophisticatedbackpacks:iron_backpack":1,"minecraft:dark_oak_log":16,"minecraft:barrel":2,"minecraft:bundle":10,"exdeorum:diamond_mesh":3,"minecraft:lever":5,"exdeorum:copper_ore_chunk":4,"exdeorum:gold_ore_chunk":1,"sophisticatedbackpacks:gold_backpack":1,"minecraft:crafting_table":3,"minecraft:leather_leggings":1,"thermal:nickel_ingot":54,"exdeorum:granite_pebble":181,"mysticalagriculture:tertium_essence":2,"create:brass_funnel":11,"minecraft:beef":15,"exdeorum:zinc_ore_chunk":1,"rftoolsutility:timer":3,"minecraft:iron_nugget":2,"minecraft:chest":27,"minecraft:diamond_hoe":1,"minecraft:egg":17,"mysticalagriculture:nature_seeds":12,"minecraft:stone":8,"pipez:item_pipe":26,"sophisticatedbackpacks:backpack":3,"minecraft:fire_charge":5,"minecraft:carrot":76,"minecraft:redstone":34,"exmachinis:flux_sieve":4,"create:brass_casing":4,"create:vertical_gearbox":4,"minecraft:stone_shovel":1,"minecraft:beetroot_seeds":16,"create:depot":5,"sophisticatedstorage:auto_blasting_upgrade":1,"mysticalagriculture:water_essence":56,"exdeorum:andesite_pebble":215,"tombstone:essence_of_undeath":2,"minecraft:gold_ingot":14,"sophisticatedbackpacks:copper_backpack":2,"minecraft:white_wool":1,"create:brass_sheet":4,"mysticalagriculture:fertilized_essence":256,"rftoolspower:coalgenerator":11,"mysticalagriculture:imperium_furnace":2,"mysticalagriculture:bronze_seeds":22,"minecraft:paper":1,"mysticalagriculture:gold_essence":146,"minecraft:apple":1,"exdeorum:stone_pebble":374,"tombstone:bag_of_seeds":6,"mysticalagriculture:wood_essence":12,"exdeorum:deepslate_pebble":111,"refinedstorage:security_card":3,"mysticalagriculture:iron_essence":2184,"minecraft:sweet_berries":2,"botania:cacophonium":1,"minecraft:spruce_sapling":238,"minecraft:spruce_log":1293,"minecraft:sea_lantern":2,"create:gearbox":9,"minecraft:slime_ball":37,"minecraft:polished_diorite":12,"create:rose_quartz":11,"create:portable_storage_interface":2,"mysticalagriculture:dye_essence":9,"minecraft:baked_potato":54,"minecraft:melon_seeds":17,"minecraft:hopper":5,"exdeorum:mycelium_spores":7,"minecraft:wheat":223,"create:mechanical_crafter":1,"silentgear:fluffy_puff":7,"cobblefordays:tier_5":2,"mysticalagriculture:iron_seeds":286,"mysticalagriculture:dirt_essence":8,"mysticalagriculture:stone_essence":127,"silentgear:fluffy_seeds":7,"silentgear:sinew":5,"mysticalagriculture:stone_seeds":67,"craftingstation:crafting_station":7,"thermal:iron_plate":46,"minecraft:bucket":2,"create:mechanical_press":4,"minecraft:smooth_stone":64,"minecraft:redstone_torch":6,"minecraft:cobblestone_slab":105,"minecraft:furnace":14,"minecraft:stick":180,"minecraft:oak_fence":51,"mysticalagriculture:constantan_essence":69,"mysticalagriculture:imperium_essence":1,"minecraft:torch":36,"minecraft:porkchop":12,"tombstone:grave_dust":139,"create:large_cogwheel":3,"silentgear:leather_scrap":14,"minecraft:rotten_flesh":139,"mysticalagriculture:brass_seeds":64,"exdeorum:tin_ore_chunk":8,"mysticalagriculture:brass_essence":435,"minecraft:blaze_powder":61,"minecraft:cobblestone":804,"exdeorum:osmium_ore_chunk":5,"minecraft:pink_petals":2,"mekanism:jetpack_armored":1,"minecraft:potato":321,"create:belt_connector":8,"minecraft:lapis_lazuli":50,"mysticalagriculture:dirt_seeds":8,"minecraft:dirt":637,"minecraft:leather_boots":1,"minecraft:glass":47,"minecraft:bone":246,"minecraft:wheat_seeds":769,"minecraft:bow":6,"minecraft:fletching_table":2,"minecraft:bamboo":4,"minecraft:oak_planks":85,"mekanism:rotary_condensentrator":4,"create:cogwheel":2,"mysticalagriculture:nature_essence":11,"silentgear:bronze_ingot":10,"minecraft:poisonous_potato":8,"minecraft:grass_block":11,"minecraft:sugar":1,"minecraft:diamond":269,"minecraft:spruce_boat":6,"mysticalagriculture:redstone_seeds":144,"minecraft:oak_sapling":695,"minecraft:netherrack":7,"minecraft:charcoal":79,"minecraft:chicken":10,"createaddition:electrum_ingot":1,"mysticalagriculture:redstone_essence":216,"thermal:silver_ingot":62,"mysticalagriculture:gold_seeds":86,"create:basin":3,"exdeorum:diamond_hammer":1,"tombstone:dark_marble":8,"minecraft:sugar_cane":48,"minecraft:copper_ingot":5,"create:golden_sheet":4,"create:windmill_bearing":1,"create:hand_crank":1,"mysticalagriculture:bronze_essence":89,"exdeorum:mechanical_hammer":2,"create:zinc_ingot":4,"minecraft:dark_oak_planks":15,"create:deployer":3,"minecraft:arrow":168,"exdeorum:diorite_pebble":213,"mysticalagriculture:nether_quartz_essence":38,"mysticalagriculture:nether_quartz_seeds":22,"minecraft:air":0,"mysticalagriculture:dye_seeds":5,"minecraft:leather":23,"minecraft:cobblestone_wall":69,"minecraft:gunpowder":239,"exdeorum:oak_sieve":8,"minecraft:iron_ingot":48,"refinedstorage:cable":9,"minecraft:soul_sand":1,"minecraft:oak_slab":41,"create:large_water_wheel":1,"minecraft:lava_bucket":1,"thermal:constantan_ingot":10,"tombstone:book_of_magic_impregnation":1,"minecraft:white_bed":10,"create:brass_tunnel":4,"mysticalagriculture:wood_seeds":11,"minecraft:spider_eye":1,"refinedstorage:importer":4,"mekanismgenerators:wind_generator":11,"minecraft:pumpkin_seeds":8,"sophisticatedstorage:diamond_chest":10,"tombstone:magic_scroll":21,"minecraft:coal":63,"enderio:crafter":3},"minecraft:dropped":{"sophisticatedbackpacks:iron_backpack":1,"mysticalagriculture:iron_essence":156,"minecraft:porkchop":12,"mysticalagriculture:water_essence":66,"mekanism:osmium_ore":1,"minecraft:diamond":128,"minecraft:pitcher_pod":3,"exdeorum:zinc_ore_chunk":1,"minecraft:fletching_table":2,"minecraft:saddle":1,"sophisticatedbackpacks:gold_backpack":2,"exdeorum:gold_ore_chunk":1,"minecraft:dirt":52,"mysticalagriculture:nature_essence":25,"minecraft:gold_nugget":7,"mysticalagriculture:redstone_essence":141,"minecraft:sugar":1,"minecraft:dark_oak_planks":12,"mysticalagriculture:stone_seeds":4,"mysticalagriculture:redstone_seeds":3,"minecraft:white_wool":2,"minecraft:bone":28,"minecraft:music_disc_blocks":2,"minecraft:sugar_cane":15,"minecraft:lever":1,"thermal:tin_ore":2,"minecraft:wheat":31,"mysticalagriculture:dye_essence":9,"minecraft:rotten_flesh":134,"minecraft:white_bed":2,"minecraft:sea_lantern":2,"exdeorum:diamond_hammer":9,"mysticalagriculture:brass_essence":346,"mysticalagriculture:inferium_essence":223,"minecraft:charcoal":14,"minecraft:hopper":1,"minecraft:leather_boots":1,"minecraft:leather_leggings":1,"minecraft:beef":15,"minecraft:egg":25,"minecraft:enchanted_book":1,"thermal:onion_seeds":3,"minecraft:wheat_seeds":532,"exdeorum:deepslate_pebble":6952,"mysticalagriculture:gold_essence":76,"minecraft:oak_fence":51,"craftingstation:crafting_station":2,"minecraft:feather":2,"minecraft:cobblestone":186,"minecraft:prismarine_crystals":262,"silentgear:sinew":6,"mysticalagriculture:nether_quartz_essence":3,"minecraft:coal":10,"mysticalagriculture:dye_seeds":1,"minecraft:iron_shovel":1,"minecraft:paper":2,"minecraft:string":2,"mysticalagriculture:electrum_essence":250,"minecraft:spruce_sapling":64,"minecraft:furnace":1,"tombstone:familiar_stone":1,"thermal:nickel_ore":1,"botania:cacophonium":1,"thermal:silver_ingot":2,"minecraft:cobblestone_wall":66,"mysticalagriculture:bronze_essence":4,"minecraft:stone_shovel":1,"minecraft:chicken":12,"minecraft:clay_ball":96,"sophisticatedbackpacks:backpack":2,"mysticalagriculture:fertilized_essence":194,"sophisticatedstorage:stack_upgrade_tier_1_plus":1,"minecraft:pumpkin_seeds":10,"minecraft:diamond_sword":2,"minecraft:potato":69,"minecraft:cobblestone_slab":391,"pipez:item_pipe":1,"minecraft:spruce_boat":1,"mysticalagriculture:gold_seeds":6,"pipez:energy_pipe":2,"minecraft:spruce_planks":6,"minecraft:bundle":10,"create:zinc_ingot":12,"minecraft:redstone_torch":3,"exdeorum:diorite_pebble":3,"minecraft:spider_eye":1,"minecraft:barrel":2,"minecraft:bamboo":4,"sophisticatedbackpacks:copper_backpack":1,"minecraft:bow":7,"create:belt_connector":1,"minecraft:diamond_axe":1,"mysticalagriculture:water_seeds":1,"minecraft:baked_potato":29,"refinedstorage:security_card":2,"minecraft:music_disc_13":1,"minecraft:flint":926,"tombstone:bag_of_seeds":5,"refinedstorage:64k_storage_disk":1,"thermal:tea_seeds":1,"minecraft:mutton":2,"thermal:constantan_ingot":2,"minecraft:gold_ingot":8,"minecraft:gravel":3,"mekanism:jetpack_armored":1,"mysticalagriculture:electrum_seeds":1,"minecraft:beetroot":6,"mysticalagriculture:wood_essence":23,"mysticalagriculture:inferium_seeds":104,"minecraft:carrot":66,"minecraft:poppy":66,"minecraft:gunpowder":54,"minecraft:beetroot_seeds":6,"refinedstorage:1k_storage_disk":2,"minecraft:melon_seeds":17,"minecraft:chest":3,"create:brass_ingot":4,"silentgear:leather_scrap":2,"minecraft:arrow":180,"minecraft:netherrack":6,"minecraft:oak_slab":41,"mysticalagriculture:constantan_essence":65,"exdeorum:mycelium_spores":7,"minecraft:poisonous_potato":8,"minecraft:prismarine_shard":336,"ars_nouveau:magebloom":1,"minecraft:copper_ingot":13,"silentgear:flax_seeds":1,"exdeorum:osmium_ore_chunk":1,"mysticalagriculture:iron_seeds":8,"minecraft:blue_dye":2,"minecraft:torch":6,"exdeorum:grass_seeds":20,"tombstone:grave_dust":8,"minecraft:pink_petals":2,"exdeorum:stone_pebble":377,"minecraft:sweet_berries":2,"create:shaft":1,"exdeorum:flint_mesh":8,"minecraft:copper_ore":1,"exdeorum:nickel_ore_chunk":3,"mekanism:rotary_condensentrator":2,"silentgear:fluffy_seeds":5,"mysticalagriculture:stone_essence":104,"minecraft:oak_sapling":689,"minecraft:golden_sword":3,"tombstone:book_of_magic_impregnation":1,"silentgear:fluffy_puff":8}},"DataVersion":3465}