{"stats":{"minecraft:crafted":{"botania:green_petal":2,"botania:rainbow_rod":2,"botania:terrasteel_chestplate":1,"minecraft:orange_carpet":6,"botania:purple_petal":20,"botania:mana_pylon":2,"thermal:machine_furnace":1,"botania:mana_pool":13,"thermal:copper_gear":2,"minecraft:lever":1,"minecraft:nether_brick":1,"botania:cyan_shiny_flower":1,"thermal:machine_frame":1,"botania:red_petal":14,"minecraft:glass":74,"botania:cyan_floating_flower":1,"botania:alchemy_catalyst":1,"thermal:basalz_powder":2,"botania:green_shiny_flower":1,"botania:bifrost_perm":10,"botania:light_gray_petal":22,"minecraft:feather":4,"botania:manasteel_helmet":1,"botania:lime_floating_flower":4,"mekanism:ingot_tin":4,"minecraft:diamond_axe":2,"minecraft:copper_ingot":17,"craftingstation:crafting_station":1,"botania:livingwood_twig":9,"minecraft:campfire":4,"silentgear:fluffy_seeds":1,"botania:open_crate":9,"botania:runic_altar":1,"thermal:tin_gear":1,"botania:mana_tablet":3,"minecraft:iron_pickaxe":2,"minecraft:iron_block":1,"minecraft:gold_ingot":265,"exdeorum:dark_oak_barrel":1,"mysticalagriculture:infusion_crystal":1,"mysticalagriculture:inferium_furnace":1,"botania:manasteel_leggings":1,"botania:fabulous_pool":1,"mysticalagriculture:water_agglomeratio":4,"mysticalagriculture:wand":1,"botania:blue_petal":4,"thermal:charcoal_block":141,"minecraft:bone_meal":198,"minecraft:white_carpet":3,"mysticalagriculture:inferium_ingot":2,"minecraft:orange_wool":4,"botania:black_petal":16,"silentgear:fluffy_feather":4,"botania:glimmering_livingwood_log":3,"botania:pink_floating_flower":12,"botania:spark_upgrade_dominant":1,"mysticalagriculture:nature_agglomeratio":12,"minecraft:spruce_sapling":8,"botania:redstone_root":7,"minecraft:dark_oak_planks":368,"botania:redstone_spreader":4,"botania:pink_petal":8,"minecraft:coal_block":18,"botania:terrasteel_helmet":1,"botania:floating_hopperhock":5,"botania:mana_spreader":43,"botania:lens_mine":56,"exdeorum:compressed_stone_hammer":1,"exdeorum:crook":5,"botania:dreamwood_twig":3,"minecraft:dark_oak_log":1568,"botania:terra_sword":1,"botania:infused_seeds":38,"minecraft:note_block":1,"botania:pink_shiny_flower":12,"mysticalagriculture:prudentium_block":1,"botania:lens_efficiency":24,"minecraft:oak_planks":140,"botania:livingwood_planks":64,"minecraft:cobblestone_slab":3840,"botania:floating_munchdew":1,"botania:natura_pylon":2,"botania:manasteel_boots":1,"botania:terrasteel_leggings":1,"botania:floating_pure_daisy":3,"botania:hourglass":5,"minecraft:stone":264,"botania:lime_shiny_flower":4,"botania:gray_petal":10,"mysticalagriculture:tertium_block":1,"minecraft:cake":3,"mysticalagriculture:prosperity_seed_base":11,"minecraft:hopper":10,"minecraft:bow":4,"minecraft:iron_boots":1,"botania:lens_normal":52,"tombstone:grave_key":1,"exdeorum:compressed_cobblestone":21,"rftoolsutility:crafter1":1,"minecraft:chest":28,"mysticalagriculture:tertium_essence":52,"botania:cacophonium":1,"minecraft:bricks":2,"botania:mana_distributor":2,"exdeorum:stone_hammer":9,"silentgear:fluffy_string":7,"minecraft:dropper":1,"minecraft:oak_slab":6,"minecraft:item_frame":18,"botania:terra_plate":1,"minecraft:crafting_table":38,"minecraft:gold_ore":4,"minecraft:iron_helmet":1,"minecraft:baked_potato":64,"minecraft:brewing_stand":2,"botania:lime_petal":2,"botania:shimmerrock":10,"rftoolsutility:crafter2":1,"mysticalagriculture:prudentium_furnace":1,"minecraft:dark_oak_slab":18,"minecraft:book":3,"minecraft:iron_chestplate":1,"minecraft:paper":9,"minecraft:diamond_pickaxe":1,"minecraft:charcoal":769,"minecraft:yellow_dye":192,"exdeorum:compressed_end_stone":7,"botania:magenta_floating_flower":3,"rftoolsutility:crafter3":1,"minecraft:stick":192,"minecraft:iron_ingot":133,"minecraft:snow_block":14,"minecraft:iron_ore":19,"mysticalagriculture:tertium_furnace":1,"exdeorum:oak_sieve":2,"botania:glimmering_dreamwood":1,"botania:apothecary_default":1,"minecraft:redstone_torch":16,"mysticalagriculture:imperium_essence":8,"minecraft:shears":1,"botania:dreamwood":3,"botania:brown_petal":24,"botania:spark":2,"minecraft:redstone":288,"minecraft:coal":9,"minecraft:fishing_rod":13,"botania:green_floating_flower":1,"botania:terrasteel_nugget":9,"minecraft:furnace":2,"mysticalagriculture:prosperity_ingot":6,"minecraft:piston":32,"botania:floating_endoflame":12,"botania:terrasteel_boots":1,"minecraft:dark_oak_sign":3,"thermal:tin_ore":4,"minecraft:flint_and_steel":2,"mysticalagriculture:inferium_essence":4,"mysticalagriculture:inferium_block":1,"minecraft:leather":14,"minecraft:iron_axe":6,"exdeorum:string_mesh":2,"botania:manasteel_chestplate":1,"minecraft:sugar":6,"minecraft:red_dye":96,"mysticalagriculture:prudentium_essence":252,"botania:fertilizer":48,"minecraft:diamond_sword":2,"minecraft:brown_mushroom":64,"botania:yellow_petal":4,"minecraft:iron_sword":3,"minecraft:grass_block":100,"minecraft:copper_ore":16,"minecraft:bucket":4,"botania:alfheim_portal":1,"minecraft:air":0,"minecraft:bread":22,"botania:orange_petal":4,"exdeorum:compressed_gravel":11,"minecraft:white_wool":4,"botania:dreamwood_wand":1,"mysticalagriculture:prudentium_ingot":2,"mysticalagriculture:tertium_ingot":2,"botania:magenta_shiny_flower":3,"mythicbotany:mana_infuser":1,"minecraft:torch":52,"thermal:rf_coil":1,"minecraft:lapis_block":7},"minecraft:killed":{"minecraft:skeleton":711,"minecraft:chicken":1,"minecraft:magma_cube":2,"minecraft:iron_golem":2,"minecraft:zombie":595,"thermal:basalz":3,"ars_nouveau:starbuncle":2,"minecraft:enderman":8,"minecraft:zombified_piglin":341,"minecraft:witch":9,"minecraft:spider":3,"minecraft:piglin":10,"minecraft:pig":2,"minecraft:zombie_villager":16,"minecraft:creeper":677,"minecraft:trader_llama":1,"minecraft:ghast":2,"minecraft:blaze":3,"minecraft:slime":3,"minecraft:phantom":1,"minecraft:hoglin":4,"minecraft:villager":1},"minecraft:broken":{"minecraft:iron_boots":1,"minecraft:iron_sword":3,"minecraft:leather_helmet":2,"minecraft:iron_axe":7,"minecraft:iron_pickaxe":1,"minecraft:iron_helmet":1,"minecraft:leather_leggings":1,"minecraft:diamond_axe":1,"minecraft:leather_boots":1,"exdeorum:crook":2},"minecraft:picked_up":{"minecraft:prismarine_shard":252,"botania:elementium_ingot":36,"mysticalagriculture:water_seeds":7,"exdeorum:iron_ore_chunk":80,"exdeorum:stone_hammer":1,"minecraft:golden_sword":44,"botania:mana_tablet":117,"exdeorum:grass_seeds":12,"minecraft:string":136,"pipez:energy_pipe":18,"botania:munchdew":1,"minecraft:shroomlight":6,"minecraft:beetroot":96,"mysticalagriculture:inferium_essence":1536,"minecraft:gold_nugget":213,"minecraft:melon_slice":11,"mysticalagriculture:prosperity_shard":662,"mysticalagriculture:constantan_seeds":3,"mysticalagriculture:inferium_seeds":1067,"mysticalagriculture:electrum_essence":1,"exdeorum:compressed_gravel":7,"botania:spark_upgrade_dominant":1,"botania:manasteel_ingot":382,"botania:livingrock":328,"botania:elf_glass":10,"botania:livingwood_log":372,"mysticalagriculture:prudentium_essence":1,"minecraft:blaze_rod":2,"minecraft:snowball":56,"botania:rune_pride":2,"minecraft:feather":1,"minecraft:cooked_beef":75,"ars_nouveau:magebloom":3,"minecraft:flint":181,"exdeorum:nickel_ore_chunk":19,"minecraft:glowstone_dust":384,"minecraft:pitcher_pod":3,"botania:mana_pool":8,"thermal:charcoal_block":12,"minecraft:warped_wart_block":9,"botania:rune_winter":6,"minecraft:stripped_spruce_log":1,"sophisticatedbackpacks:iron_backpack":1,"minecraft:dark_oak_log":1191,"minecraft:barrel":1,"minecraft:bundle":50,"minecraft:lever":2,"exdeorum:copper_ore_chunk":90,"minecraft:bread":23,"minecraft:diamond_pickaxe":3,"exdeorum:gold_ore_chunk":16,"minecraft:spruce_leaves":8,"minecraft:nether_wart":2,"minecraft:clay_ball":1,"minecraft:leather_leggings":1,"botania:open_crate":1,"minecraft:cornflower":1,"exdeorum:granite_pebble":60,"botania:endoflame":16,"botania:mana_distributor":2,"minecraft:white_carpet":1,"minecraft:iron_shovel":2,"botania:mana_glass":21,"exdeorum:iron_mesh":2,"botania:pure_daisy":7,"exdeorum:zinc_ore_chunk":22,"minecraft:iron_nugget":124,"minecraft:poppy":6,"exdeorum:compressed_stone_hammer":1,"minecraft:chest":1,"minecraft:egg":3,"mysticalagriculture:nature_seeds":36,"minecraft:stone":1,"botania:rune_envy":2,"sophisticatedbackpacks:backpack":10,"minecraft:fire_charge":16,"botania:terra_plate":2,"minecraft:carrot":30,"minecraft:redstone":5,"botania:pixie_dust":20,"minecraft:prismarine_crystals":294,"minecraft:tnt":1,"exdeorum:silk_worm":1,"botania:runic_altar":1,"minecraft:beetroot_seeds":254,"botania:rannuncarpus":2,"mysticalagriculture:water_essence":11,"exdeorum:andesite_pebble":50,"tombstone:essence_of_undeath":12,"minecraft:gold_ingot":49,"sophisticatedbackpacks:copper_backpack":6,"minecraft:stripped_oak_log":5,"thermal:frost_melon_slice":4,"mythicbotany:alfsteel_ingot":2,"mysticalagriculture:fertilized_essence":116,"botania:rune_fire":8,"botania:rune_earth":9,"botania:rune_mana":1,"minecraft:oak_log":2027,"mysticalagriculture:bronze_seeds":1,"mysticalagriculture:gold_essence":476,"botania:rune_gluttony":1,"minecraft:apple":36,"minecraft:kelp":7,"mysticalagriculture:nature_agglomeratio":5,"minecraft:warped_stem":1,"exdeorum:stone_pebble":2387,"tombstone:bag_of_seeds":17,"minecraft:glass_bottle":3,"botania:manasteel_block":1,"mysticalagriculture:wood_essence":330,"botania:mana_spreader":39,"exdeorum:deepslate_pebble":2940,"botania:podzol_seeds":1,"minecraft:dark_oak_slab":47,"mysticalagriculture:iron_essence":104,"refinedstorage:security_card":3,"exdeorum:lead_ore_chunk":49,"botania:hopperhock":5,"minecraft:torchflower_seeds":3,"minecraft:gravel":923,"botania:floating_hopperhock":1,"minecraft:spruce_sapling":215,"minecraft:spruce_log":1922,"botania:rune_air":13,"botania:floating_munchdew":2,"exdeorum:silver_ore_chunk":50,"minecraft:crying_obsidian":57,"minecraft:leather_helmet":3,"botania:lens_mine":1,"minecraft:slime_ball":14,"mysticalagriculture:dye_essence":101,"minecraft:melon_seeds":7,"thermal:amaranth_seeds":4,"minecraft:ender_pearl":19,"ars_nouveau:magebloom_crop":3,"exdeorum:mycelium_spores":8,"minecraft:wheat":113,"silentgear:fluffy_puff":92,"mysticalagriculture:iron_seeds":107,"mysticalagriculture:dirt_essence":59,"minecraft:potion":8,"minecraft:nether_brick":147,"botania:rune_water":33,"mysticalagriculture:stone_essence":2,"silentgear:fluffy_seeds":96,"minecraft:lapis_block":8,"botania:mana_pearl":63,"thermal:basalz_rod":1,"silentgear:sinew":1,"minecraft:raw_copper":4,"mysticalagriculture:stone_seeds":1,"minecraft:iron_leggings":3,"craftingstation:crafting_station":1,"minecraft:netherite_ingot":1,"minecraft:sea_pickle":1,"botania:mana_powder":40,"minecraft:dark_oak_leaves":15,"minecraft:cobblestone_slab":410,"minecraft:iron_pickaxe":2,"minecraft:iron_boots":7,"minecraft:stick":384,"botania:lexicon":1,"mysticalagriculture:constantan_essence":3,"minecraft:oak_fence":3,"minecraft:torch":16,"minecraft:porkchop":12,"botania:mycelium_seeds":4,"tombstone:grave_dust":264,"minecraft:cactus":34,"silentgear:leather_scrap":51,"minecraft:rotten_flesh":986,"botania:spark":5,"mysticalagriculture:brass_seeds":1,"exdeorum:tin_ore_chunk":19,"mysticalagriculture:brass_essence":1,"minecraft:obsidian":27,"minecraft:cobblestone":41,"exdeorum:osmium_ore_chunk":12,"mysticalagriculture:wand":1,"minecraft:potato":226,"minecraft:tuff":5,"minecraft:lapis_lazuli":202,"mysticalagriculture:dirt_seeds":56,"minecraft:dirt":845,"botania:mana_diamond":53,"minecraft:leather_boots":3,"minecraft:bone":864,"thermal:hops_seeds":6,"minecraft:wheat_seeds":324,"minecraft:bow":68,"minecraft:bamboo":6,"minecraft:oak_planks":87,"mysticalagriculture:nature_essence":41,"minecraft:poisonous_potato":3,"minecraft:sand":188,"exdeorum:crushed_end_stone":68,"minecraft:dead_bush":5,"botania:alfheim_portal":4,"minecraft:grass_block":11,"minecraft:spectral_arrow":248,"minecraft:orange_wool":1,"minecraft:sugar":3,"minecraft:diamond":17,"botania:grass_seeds":62,"minecraft:grass":85,"minecraft:bone_meal":3,"mysticalagriculture:redstone_seeds":52,"minecraft:emerald":17,"minecraft:oak_sapling":6152,"minecraft:netherrack":424,"minecraft:chorus_fruit":32,"minecraft:charcoal":54,"minecraft:azure_bluet":2,"minecraft:splash_potion":8,"minecraft:chicken":1,"thermal:explosive_grenade":1,"mysticalagriculture:redstone_essence":56,"minecraft:oak_trapdoor":60,"botania:rune_spring":2,"minecraft:blackstone":327,"mythicbotany:asgard_rune":1,"botania:floating_endoflame":19,"mysticalagriculture:gold_seeds":480,"create:zinc_ore":1,"exdeorum:diamond_hammer":1,"minecraft:sugar_cane":91,"minecraft:phantom_membrane":1,"minecraft:dark_oak_sapling":151,"minecraft:raw_iron":1,"minecraft:end_stone":68,"minecraft:copper_ingot":64,"mysticalagriculture:bronze_essence":3,"minecraft:dark_oak_planks":18,"botania:rune_summer":3,"botania:terrasteel_ingot":15,"minecraft:arrow":905,"minecraft:weeping_vines":3,"exdeorum:diorite_pebble":41,"mysticalagriculture:nether_quartz_essence":2,"mysticalagriculture:nether_quartz_seeds":3,"minecraft:air":0,"minecraft:crimson_stem":12,"mysticalagriculture:dye_seeds":98,"minecraft:leather":65,"minecraft:ice":8,"minecraft:crimson_fungus":1,"minecraft:gunpowder":771,"botania:dreamwood_log":22,"exdeorum:oak_sieve":9,"minecraft:iron_ingot":321,"botania:dragonstone":21,"refinedstorage:cable":1,"minecraft:soul_sand":162,"botania:rune_autumn":3,"minecraft:oak_slab":8,"minecraft:warped_fungus":1,"minecraft:pumpkin":12,"minecraft:quartz":118,"minecraft:dandelion":5,"minecraft:lava_bucket":1,"minecraft:amethyst_shard":34,"mysticalagriculture:wood_seeds":326,"minecraft:spider_eye":1,"thermal:rice_seeds":3,"minecraft:pumpkin_seeds":7,"minecraft:iron_helmet":2,"botania:terrasteel_chestplate":2,"tombstone:magic_scroll":43,"minecraft:dark_oak_wood":3,"minecraft:coal":91},"minecraft:dropped":{"minecraft:iron_sword":1,"mysticalagriculture:water_essence":3,"minecraft:porkchop":6,"mekanism:osmium_ore":7,"minecraft:lapis_lazuli":230,"minecraft:cooked_beef":33,"botania:red_mystical_flower":4,"minecraft:chorus_fruit":32,"minecraft:glass_bottle":1,"minecraft:diamond":54,"silentgear:fluffy_string":7,"minecraft:pitcher_pod":6,"exdeorum:zinc_ore_chunk":44,"minecraft:dark_oak_slab":26,"minecraft:weeping_vines":3,"thermal:corn_seeds":7,"refinedstorage:cable":1,"botania:mana_pearl":34,"botania:mana_diamond":26,"thermal:flax_seeds":3,"minecraft:emerald":2,"exdeorum:gold_ore_chunk":2,"minecraft:dirt":101,"minecraft:grass":70,"botania:rune_earth":4,"mysticalagriculture:nature_essence":11,"exdeorum:crook":3,"minecraft:gold_nugget":88,"exdeorum:granite_pebble":60,"minecraft:bone_meal":5,"mysticalagriculture:redstone_essence":2,"botania:rune_gluttony":1,"minecraft:sugar":1,"minecraft:iron_pickaxe":4,"minecraft:dark_oak_planks":3,"mysticalagriculture:redstone_seeds":1,"botania:white_mystical_flower":4,"exdeorum:lead_ore_chunk":81,"minecraft:bone":36,"minecraft:sugar_cane":49,"minecraft:iron_nugget":14,"thermal:tin_ore":16,"minecraft:nether_brick":65,"minecraft:wheat":32,"mysticalagriculture:dye_essence":2,"minecraft:rotten_flesh":271,"minecraft:oak_planks":13,"minecraft:glowstone_dust":332,"exdeorum:silver_ore_chunk":50,"minecraft:azure_bluet":2,"botania:manasteel_ingot":86,"botania:pixie_dust":3,"mysticalagriculture:inferium_essence":109,"minecraft:charcoal":146,"minecraft:hopper":8,"botania:mana_powder":1,"minecraft:leather_boots":1,"exdeorum:compressed_gravel":7,"thermal:rice_seeds":3,"minecraft:glass":21,"minecraft:campfire":4,"thermal:frost_melon_slice":2,"botania:brown_petal":4,"botania:black_lotus":1,"botania:light_gray_mystical_flower":4,"botania:rune_water":1,"minecraft:iron_ingot":672,"minecraft:enchanted_book":2,"thermal:onion_seeds":2,"minecraft:wheat_seeds":75,"exdeorum:deepslate_pebble":4421,"minecraft:tnt":1,"minecraft:cobblestone":45,"minecraft:iron_helmet":2,"craftingstation:crafting_station":1,"minecraft:oak_fence":27,"minecraft:feather":1,"mysticalagriculture:gold_essence":12,"minecraft:prismarine_crystals":13,"minecraft:book":3,"botania:gray_mystical_flower":4,"minecraft:apple":2,"botania:terrasteel_chestplate":2,"exdeorum:iron_mesh":2,"mysticalagriculture:dirt_essence":15,"silentgear:sinew":1,"mysticalagriculture:nether_quartz_essence":2,"minecraft:coal":7,"botania:light_blue_mystical_flower":4,"minecraft:dark_oak_leaves":5,"minecraft:potion":6,"minecraft:dead_bush":5,"minecraft:string":38,"minecraft:spruce_sapling":64,"minecraft:snow_block":9,"minecraft:furnace":1,"thermal:nickel_ore":9,"botania:cacophonium":1,"minecraft:dark_oak_sign":2,"thermal:amaranth_seeds":8,"mysticalagriculture:bronze_essence":3,"minecraft:clay_ball":1,"minecraft:iron_boots":7,"sophisticatedbackpacks:backpack":7,"botania:mana_tablet":120,"mysticalagriculture:fertilized_essence":77,"minecraft:torchflower_seeds":6,"minecraft:pumpkin_seeds":7,"minecraft:diamond_sword":1,"minecraft:potato":96,"minecraft:cobblestone_slab":216,"minecraft:shroomlight":5,"mysticalagriculture:gold_seeds":11,"minecraft:sea_pickle":1,"botania:lexicon":1,"pipez:energy_pipe":19,"botania:livingwood_log":44,"botania:monocle":1,"minecraft:bundle":23,"minecraft:diamond_pickaxe":3,"exdeorum:diorite_pebble":41,"minecraft:bamboo":5,"sophisticatedbackpacks:copper_backpack":2,"minecraft:bow":13,"exdeorum:andesite_pebble":50,"botania:lime_mystical_flower":4,"minecraft:soul_sand":51,"minecraft:brown_mushroom":4,"minecraft:warped_fungus":1,"minecraft:oak_log":1570,"minecraft:ender_pearl":51,"minecraft:dark_oak_sapling":63,"botania:black_mystical_flower":4,"refinedstorage:security_card":4,"exdeorum:copper_ore_chunk":85,"botania:livingrock":96,"minecraft:leather":12,"botania:black_petal":2,"minecraft:flint":90,"minecraft:orange_carpet":1,"minecraft:dark_oak_log":16,"minecraft:ice":1,"minecraft:cornflower":1,"botania:green_mystical_flower":4,"exdeorum:compressed_stone_hammer":1,"minecraft:amethyst_shard":11,"minecraft:gold_ingot":249,"minecraft:gravel":577,"minecraft:crimson_fungus":1,"minecraft:blackstone":179,"botania:brown_mystical_flower":4,"mysticalagriculture:wand":2,"botania:purple_mystical_flower":4,"thermal:machine_furnace":1,"mysticalagriculture:wood_essence":15,"mysticalagriculture:inferium_seeds":48,"botania:rune_air":2,"minecraft:carrot":20,"mysticalagriculture:wood_seeds":4,"minecraft:poppy":4,"minecraft:gunpowder":89,"botania:redstone_root":4,"minecraft:beetroot_seeds":107,"minecraft:melon_seeds":5,"thermal:charcoal_block":4,"create:zinc_ore":2,"silentgear:leather_scrap":10,"botania:blue_mystical_flower":4,"minecraft:arrow":161,"minecraft:quartz":57,"minecraft:splash_potion":2,"minecraft:netherrack":316,"minecraft:bread":46,"minecraft:oak_slab":8,"botania:dragonstone":3,"botania:yellow_mystical_flower":4,"minecraft:golden_helmet":1,"mysticalagriculture:constantan_essence":1,"botania:elementium_ingot":3,"botania:yellow_petal":3,"botania:red_petal":4,"minecraft:poisonous_potato":3,"botania:green_petal":1,"minecraft:prismarine_shard":39,"botania:orange_mystical_flower":4,"minecraft:spectral_arrow":42,"thermal:silver_ore":9,"exdeorum:iron_ore_chunk":5,"exdeorum:osmium_ore_chunk":12,"minecraft:grass_block":25,"minecraft:stick":33,"minecraft:iron_block":1,"minecraft:torch":41,"exdeorum:grass_seeds":12,"minecraft:melon_slice":4,"botania:orange_petal":4,"botania:lime_petal":2,"tombstone:grave_dust":85,"minecraft:fire_charge":7,"minecraft:iron_leggings":3,"mysticalagriculture:prosperity_shard":1353,"botania:mana_glass":10,"minecraft:cactus":19,"exdeorum:stone_pebble":2415,"minecraft:bucket":1,"minecraft:dandelion":4,"minecraft:redstone":13,"rftoolsutility:crafter3":1,"minecraft:kelp":7,"minecraft:oak_trapdoor":60,"botania:gray_petal":8,"botania:light_gray_petal":6,"botania:spark_upgrade_dominant":1,"minecraft:flint_and_steel":1,"minecraft:copper_ore":16,"exdeorum:nickel_ore_chunk":19,"botania:cyan_mystical_flower":4,"silentgear:fluffy_seeds":64,"thermal:hops_seeds":9,"exdeorum:tin_ore_chunk":23,"mysticalagriculture:stone_essence":1,"minecraft:iron_chestplate":1,"minecraft:oak_sapling":5268,"minecraft:golden_sword":44,"botania:pink_mystical_flower":4,"silentgear:fluffy_puff":50,"botania:magenta_mystical_flower":4,"exdeorum:stone_hammer":1},"minecraft:used":{"minecraft:poppy":2,"botania:terrasteel_chestplate":1,"minecraft:chest":19,"minecraft:stone":234,"mysticalagriculture:redstone_seeds":51,"minecraft:lava_bucket":18,"minecraft:grass_block":69,"minecraft:copper_ore":1,"botania:rannuncarpus":2,"minecraft:dark_oak_slab":30,"minecraft:bow":475,"minecraft:oak_sapling":140,"minecraft:furnace":1,"minecraft:egg":2,"minecraft:potato":45,"minecraft:cow_spawn_egg":2,"botania:livingrock":42,"minecraft:cactus":1,"minecraft:blackstone":36,"botania:dreamwood_wand":1184,"minecraft:golden_apple":2,"botania:alfheim_portal":5,"minecraft:sand":40,"botania:mana_distributor":3,"minecraft:pumpkin_seeds":1,"mysticalagriculture:bronze_seeds":1,"botania:grass_seeds":3,"minecraft:diamond_sword":2243,"botania:pure_daisy":7,"mysticalagriculture:tertium_furnace":1,"minecraft:ice":1,"tombstone:scroll_of_lightning_resistance":2,"mysticalagriculture:wood_seeds":322,"exdeorum:crook":311,"botania:spark":7,"minecraft:netherrack":22,"minecraft:torch":22,"mysticalagriculture:water_seeds":7,"exdeorum:witch_water_bucket":1,"silentgear:fluffy_seeds":39,"minecraft:iron_axe":1783,"exdeorum:dark_oak_barrel":1,"botania:mana_pool":21,"mysticalagriculture:stone_seeds":1,"tombstone:gift":9,"exdeorum:oak_sieve":11,"minecraft:wheat_seeds":123,"minecraft:water_bucket":57,"botania:redstone_spreader":4,"botania:endoflame":4,"botania:mana_spreader":79,"botania:floating_rannuncarpus":2,"minecraft:oak_slab":3,"minecraft:crafting_table":1,"botania:apothecary_default":1,"minecraft:spruce_log":55,"botania:infused_seeds":15,"exdeorum:grass_seeds":2,"mysticalagriculture:dirt_seeds":56,"minecraft:oak_log":118,"minecraft:diamond_pickaxe":253,"minecraft:iron_pickaxe":577,"minecraft:leather_helmet":1,"tombstone:magic_scroll":10,"mysticalagriculture:iron_seeds":107,"minecraft:spruce_sapling":156,"minecraft:cobblestone":103,"minecraft:potion":1,"minecraft:stripped_oak_log":2,"minecraft:dandelion":1,"minecraft:iron_shovel":166,"ars_nouveau:magebloom_crop":6,"botania:floating_pure_daisy":3,"mysticalagriculture:dye_seeds":98,"botania:glimmering_livingwood_log":3,"minecraft:iron_sword":985,"minecraft:carrot":1,"botania:terrasteel_leggings":1,"minecraft:tuff":2,"botania:floating_munchdew":3,"mysticalagriculture:inferium_seeds":1026,"botania:floating_hopperhock":6,"mysticalagriculture:nether_quartz_seeds":3,"mysticalagriculture:inferium_essence":90,"botania:livingwood_log":8,"mysticalagriculture:prudentium_furnace":1,"botania:fabulous_pool":1,"minecraft:item_frame":19,"botania:natura_pylon":2,"mysticalagriculture:constantan_seeds":3,"minecraft:beetroot_seeds":101,"minecraft:gold_block":4,"botania:runic_altar":2,"minecraft:dark_oak_sapling":96,"minecraft:dropper":1,"minecraft:dark_oak_sign":1,"minecraft:oak_planks":23,"mysticalagriculture:prudentium_essence":2,"minecraft:diamond_axe":2473,"botania:fertilizer":48,"minecraft:end_stone":5,"minecraft:shears":57,"mysticalagriculture:nature_seeds":36,"exdeorum:compressed_gravel":11,"mythicbotany:mana_infuser":1,"minecraft:lever":2,"minecraft:dark_oak_log":217,"minecraft:string":1,"minecraft:gravel":216,"thermal:frost_melon_slice":2,"exdeorum:compressed_stone_hammer":38,"minecraft:bone_meal":17,"exdeorum:mycelium_spores":8,"minecraft:oak_fence":14,"minecraft:flint_and_steel":2,"botania:open_crate":10,"minecraft:dirt":205,"minecraft:white_carpet":1,"minecraft:hopper":2,"mysticalagriculture:gold_seeds":469,"thermal:frost_melon_seeds":1,"botania:hourglass":5,"botania:twig_wand":6137,"thermal:explosive_grenade":1,"exdeorum:silk_worm":1,"minecraft:dark_oak_planks":4,"minecraft:iron_boots":2,"minecraft:golden_carrot":30,"botania:shimmerrock":5,"minecraft:cooked_beef":39,"minecraft:iron_leggings":1,"tombstone:scroll_of_mercy":1,"minecraft:baked_potato":64,"exdeorum:compressed_end_stone":7,"minecraft:cobblestone_slab":3508,"botania:terra_plate":2,"exdeorum:compressed_cobblestone":21,"tombstone:bag_of_seeds":37,"botania:alchemy_catalyst":1,"craftingstation:crafting_station":1,"botania:floating_endoflame":31,"exdeorum:diamond_hammer":181,"minecraft:bucket":165,"minecraft:lapis_block":8,"minecraft:splash_potion":6},"minecraft:custom":{"minecraft:interact_with_crafting_table":228,"minecraft:open_barrel":119,"minecraft:leave_game":28,"minecraft:time_since_death":89435,"minecraft:play_time":1239685,"minecraft:deaths":39,"minecraft:jump":12846,"minecraft:enchant_item":8,"minecraft:interact_with_furnace":339,"minecraft:traded_with_villager":4,"minecraft:sleep_in_bed":3,"minecraft:damage_dealt":211435,"tombstone:undead_killed":1664,"minecraft:use_cauldron":81,"minecraft:interact_with_smithing_table":1,"minecraft:inspect_dropper":70,"minecraft:interact_with_anvil":3,"minecraft:inspect_hopper":22,"minecraft:damage_dealt_absorbed":184,"minecraft:sneak_time":105646,"minecraft:total_world_time":1239685,"tombstone:raider_killed":10,"minecraft:interact_with_stonecutter":2,"minecraft:time_since_rest":88963,"tombstone:cast_on_ally":0,"minecraft:swim_one_cm":11656,"minecraft:fly_one_cm":3346055,"minecraft:open_chest":1805,"minecraft:fall_one_cm":250182,"minecraft:animals_bred":4,"minecraft:damage_resisted":14,"minecraft:sprint_one_cm":2740601,"minecraft:drop":1649,"minecraft:talked_to_villager":16,"minecraft:walk_on_water_one_cm":10164,"minecraft:player_kills":14,"minecraft:crouch_one_cm":381802,"tombstone:villager_killed":1,"minecraft:mob_kills":2433,"minecraft:fill_cauldron":5,"minecraft:damage_dealt_resisted":544,"minecraft:climb_one_cm":1512,"minecraft:walk_one_cm":1747361,"minecraft:walk_under_water_one_cm":19539,"minecraft:boat_one_cm":22442,"minecraft:damage_taken":17942,"minecraft:damage_absorbed":152,"minecraft:aviate_one_cm":48808},"minecraft:killed_by":{"minecraft:zombified_piglin":6,"minecraft:piglin":2,"minecraft:blaze":1,"minecraft:player":11,"minecraft:enderman":3,"minecraft:iron_golem":1,"minecraft:skeleton":1},"minecraft:mined":{"minecraft:dark_oak_planks":2,"botania:mana_pool":8,"botania:red_mystical_flower":10,"mysticalagriculture:nature_crop":33,"botania:livingwood_log":352,"minecraft:crimson_fungus":1,"minecraft:nether_wart":1,"botania:light_gray_mystical_flower":11,"minecraft:weeping_vines_plant":2,"botania:purple_mystical_flower":15,"minecraft:fire":14,"minecraft:barrel":1,"minecraft:pumpkin":12,"exdeorum:compressed_end_stone":7,"botania:brown_mystical_flower":11,"botania:light_blue_mystical_flower":7,"minecraft:tripwire":25,"botania:green_mystical_flower":9,"minecraft:soul_fire":1,"minecraft:torch":10,"minecraft:melon":2,"botania:endoflame":4,"minecraft:sugar_cane":24,"botania:black_mystical_flower":8,"minecraft:wheat":111,"minecraft:warped_fungus":1,"minecraft:grass":33,"mysticalagriculture:iron_crop":107,"mysticalagriculture:gold_crop":444,"minecraft:dark_oak_log":1090,"minecraft:end_stone":5,"mysticalagriculture:dye_crop":89,"silentgear:fluffy_plant":35,"botania:magenta_mystical_flower":12,"minecraft:potatoes":37,"minecraft:cobblestone_slab":453,"minecraft:warped_stem":1,"botania:mana_spreader":39,"minecraft:oak_slab":3,"botania:lime_mystical_flower":13,"exdeorum:infested_leaves":71,"minecraft:dandelion":5,"exdeorum:compressed_gravel":11,"minecraft:cornflower":1,"minecraft:copper_ore":1,"minecraft:tall_grass":22,"mysticalagriculture:water_crop":6,"craftingstation:crafting_station":1,"minecraft:warped_wart_block":33,"minecraft:white_carpet":1,"minecraft:spruce_log":1938,"botania:white_mystical_flower":9,"minecraft:gravel":89,"mysticalagriculture:prudentium_furnace":1,"botania:gray_mystical_flower":10,"botania:floating_endoflame":19,"minecraft:oak_sapling":2,"minecraft:grass_block":35,"botania:floating_hopperhock":1,"minecraft:azure_bluet":2,"botania:mana_distributor":2,"mysticalagriculture:wood_crop":299,"mysticalagriculture:nether_quartz_crop":2,"botania:orange_mystical_flower":11,"mysticalagriculture:redstone_crop":48,"minecraft:blackstone":30,"mysticalagriculture:inferium_crop":923,"minecraft:poppy":3,"minecraft:chest":1,"botania:alfheim_portal":4,"minecraft:cobblestone":107,"botania:blue_mystical_flower":9,"minecraft:oak_planks":71,"minecraft:wall_torch":2,"thermal:frost_melon":1,"minecraft:dark_oak_slab":21,"mysticalagriculture:constantan_crop":3,"minecraft:lapis_block":8,"mysticalagriculture:stone_crop":1,"minecraft:oak_log":406,"minecraft:beetroots":101,"minecraft:sand":2,"minecraft:dirt":129,"minecraft:netherrack":16,"minecraft:oak_leaves":301,"minecraft:tuff":2,"botania:terra_plate":2,"minecraft:dark_oak_leaves":16,"minecraft:lever":1,"minecraft:weeping_vines":3,"minecraft:spruce_leaves":27,"minecraft:crimson_stem":12,"ars_nouveau:magebloom_crop":3,"minecraft:oak_trapdoor":63,"minecraft:spruce_sapling":12,"minecraft:furnace":1,"minecraft:carrots":1,"minecraft:stripped_spruce_log":1,"botania:runic_altar":1,"minecraft:shroomlight":6,"botania:livingrock":275,"botania:pure_daisy":5,"minecraft:stripped_oak_log":5,"minecraft:stone":1,"minecraft:podzol":4,"minecraft:snow_block":15,"minecraft:oak_fence":3,"botania:pink_mystical_flower":13,"botania:cyan_mystical_flower":10,"minecraft:cactus":7,"exdeorum:compressed_cobblestone":20,"mysticalagriculture:dirt_crop":51,"botania:open_crate":1,"botania:yellow_mystical_flower":9,"botania:floating_munchdew":2}},"DataVersion":3465}