{"stats":{"minecraft:used":{"minecraft:oak_fence":40,"minecraft:stone_sword":222,"minecraft:iron_shovel":1250,"minecraft:stone_shovel":3811,"minecraft:oak_sign":7,"exdeorum:crook":2101,"minecraft:stone_hoe":29,"minecraft:torch":36,"minecraft:dirt":878,"mysticalagriculture:gold_seeds":1,"minecraft:carrot":39,"exdeorum:silk_worm":1,"sophisticatedstorage:iron_barrel":6,"minecraft:barrel":17,"exdeorum:stone_hammer":89,"minecraft:oak_sapling":163,"minecraft:furnace":1,"tombstone:gift":6,"minecraft:cooked_beef":27,"minecraft:dark_oak_sapling":1,"exdeorum:compressed_iron_hammer":69,"minecraft:wheat_seeds":23,"minecraft:water_bucket":2,"minecraft:stone_pickaxe":252,"minecraft:oak_planks":48,"minecraft:cobblestone_slab":75,"minecraft:crafting_table":1,"exdeorum:compressed_cobblestone":323,"tombstone:bag_of_seeds":1,"minecraft:oak_log":8,"minecraft:diamond_shovel":1201,"craftingstation:crafting_station":1,"minecraft:gravel":4,"minecraft:stone_axe":1024,"sophisticatedstorage:barrel":1,"minecraft:fishing_rod":29,"minecraft:diamond_sword":46,"minecraft:cobblestone":92,"exdeorum:compressed_stone_hammer":262,"minecraft:coarse_dirt":3309},"minecraft:dropped":{"minecraft:iron_ingot":1,"minecraft:oak_log":197,"minecraft:glass_bottle":2,"minecraft:music_disc_relic":1,"minecraft:cobblestone":41,"minecraft:stick":76,"minecraft:dirt":3,"exdeorum:crook":1,"minecraft:gold_nugget":1,"minecraft:string":118,"exdeorum:stone_pebble":10,"minecraft:bucket":1,"minecraft:dandelion":1,"minecraft:bone":6,"minecraft:gravel":1923,"minecraft:stone_axe":1,"minecraft:stone_shovel":1,"minecraft:oak_planks":2,"exdeorum:compressed_diamond_hammer":1,"minecraft:poppy":2,"minecraft:potato":1,"mysticalagriculture:inferium_essence":19,"minecraft:oak_sapling":6,"minecraft:golden_sword":1,"exdeorum:stone_hammer":2},"minecraft:broken":{"minecraft:iron_shovel":5,"exdeorum:compressed_stone_hammer":2,"minecraft:stone_sword":1,"minecraft:stone_pickaxe":1,"minecraft:stone_axe":6,"minecraft:fishing_rod":1,"exdeorum:crook":16,"minecraft:stone_shovel":29},"minecraft:crafted":{"minecraft:coarse_dirt":3180,"minecraft:oak_planks":548,"minecraft:cobblestone_slab":18,"minecraft:stone_shovel":29,"minecraft:oak_sign":9,"minecraft:barrel":15,"minecraft:fishing_rod":1,"exdeorum:iron_hammer":13,"sophisticatedstorage:barrel":4,"minecraft:diamond_shovel":1,"minecraft:diamond_helmet":1,"minecraft:diamond_leggings":1,"exdeorum:compressed_cobblestone":322,"minecraft:stone_pickaxe":2,"minecraft:diamond_boots":1,"minecraft:stone_hoe":10,"exdeorum:stone_hammer":19,"minecraft:oak_fence":78,"sophisticatedstorage:iron_barrel":4,"minecraft:oak_slab":30,"minecraft:diamond_sword":1,"minecraft:crafting_table":3,"craftingstation:crafting_station":1,"exdeorum:compressed_stone_hammer":2,"minecraft:bucket":2,"minecraft:stone_axe":9,"minecraft:air":0,"exdeorum:crook":17,"exdeorum:compressed_iron_hammer":1,"minecraft:charcoal":32,"minecraft:stick":244,"minecraft:stone_sword":2,"minecraft:iron_shovel":8,"minecraft:redstone_torch":4,"minecraft:torch":128,"minecraft:diamond_chestplate":1},"minecraft:picked_up":{"sophisticatedstorage:iron_barrel":2,"minecraft:coarse_dirt":129,"minecraft:wheat":26,"silentgear:shield_blueprint":1,"minecraft:enchanted_book":1,"exdeorum:stone_hammer":2,"minecraft:golden_sword":4,"silentgear:sinew":1,"minecraft:string":939,"mysticalagriculture:inferium_essence":56,"minecraft:gold_nugget":9,"exdeorum:compressed_diamond_hammer":1,"mysticalagriculture:gold_seeds":1,"minecraft:cobblestone_slab":135,"minecraft:poppy":6,"sophisticatedstorage:barrel":1,"minecraft:sugar_cane":7,"minecraft:furnace":1,"minecraft:dark_oak_sapling":3,"minecraft:stick":228,"minecraft:music_disc_relic":1,"mysticalagriculture:constantan_essence":1,"minecraft:torch":79,"sophisticatedbackpacks:backpack":1,"minecraft:porkchop":3,"mysticalagriculture:constantan_seeds":1,"tombstone:grave_dust":21,"minecraft:carrot":139,"minecraft:dark_oak_planks":3,"exdeorum:silk_worm":42,"minecraft:rotten_flesh":59,"minecraft:stone_shovel":1,"minecraft:arrow":45,"minecraft:cod":5,"minecraft:cobblestone":159,"exdeorum:crook":3,"minecraft:stripped_oak_log":4,"minecraft:cooked_beef":36,"mysticalagriculture:fertilized_essence":1,"minecraft:salmon":3,"minecraft:potato":16,"minecraft:flint":2,"minecraft:oak_log":1001,"minecraft:gunpowder":44,"minecraft:dirt":2977,"exdeorum:compressed_cobblestone":1,"mysticalagriculture:gold_essence":1,"minecraft:bone":60,"minecraft:apple":38,"minecraft:bow":1,"minecraft:wheat_seeds":58,"exdeorum:stone_pebble":10,"minecraft:iron_ingot":49,"tombstone:bag_of_seeds":1,"minecraft:glass_bottle":4,"minecraft:oak_slab":4,"minecraft:dandelion":2,"botania:cacophonium":1,"minecraft:gravel":3779,"minecraft:barrel":12,"minecraft:bundle":2,"minecraft:sugar":1,"minecraft:diamond":64,"minecraft:stone_axe":1,"minecraft:oak_sapling":346,"minecraft:netherrack":6},"minecraft:killed_by":{"minecraft:player":1},"minecraft:killed":{"minecraft:witch":2,"minecraft:skeleton":41,"minecraft:pig":1,"minecraft:zombie_villager":1,"minecraft:iron_golem":3,"minecraft:creeper":33,"minecraft:zombie":34},"minecraft:custom":{"minecraft:mob_kills":116,"minecraft:animals_bred":2,"minecraft:inspect_hopper":1,"minecraft:interact_with_crafting_table":102,"minecraft:open_barrel":523,"minecraft:damage_dealt_resisted":256,"minecraft:leave_game":10,"minecraft:time_since_death":550,"minecraft:sprint_one_cm":659595,"minecraft:walk_one_cm":1550808,"minecraft:drop":62,"minecraft:play_time":313258,"minecraft:deaths":4,"minecraft:sneak_time":28299,"minecraft:walk_under_water_one_cm":260,"minecraft:jump":2347,"minecraft:walk_on_water_one_cm":458,"minecraft:total_world_time":313258,"minecraft:interact_with_furnace":10,"tombstone:raider_killed":2,"minecraft:sleep_in_bed":1,"minecraft:time_since_rest":493,"minecraft:damage_taken":2724,"minecraft:damage_dealt":11934,"minecraft:fly_one_cm":519617,"minecraft:player_kills":3,"minecraft:open_chest":42,"minecraft:crouch_one_cm":148044,"tombstone:undead_killed":76,"minecraft:fish_caught":8,"minecraft:fall_one_cm":48555},"minecraft:mined":{"minecraft:dark_oak_planks":2,"mysticalagriculture:gold_crop":1,"minecraft:oak_sapling":9,"minecraft:grass_block":54,"minecraft:carrots":39,"minecraft:barrel":11,"minecraft:potatoes":1,"minecraft:cobblestone_slab":244,"minecraft:dirt_path":2822,"minecraft:stripped_oak_log":4,"sophisticatedstorage:iron_barrel":2,"minecraft:podzol":1,"exdeorum:infested_leaves":2063,"minecraft:dandelion":1,"minecraft:torch":17,"minecraft:cobblestone":92,"minecraft:sugar_cane":4,"minecraft:wall_torch":1,"minecraft:coarse_dirt":136,"exdeorum:compressed_cobblestone":322,"sophisticatedstorage:barrel":1,"minecraft:wheat":23,"minecraft:oak_log":862,"minecraft:gravel":13,"minecraft:dirt":59,"minecraft:oak_leaves":146}},"DataVersion":3465}