{"stats":{"minecraft:used":{"minecraft:cherry_sapling":17,"minecraft:dispenser":2,"minecraft:oak_sign":1,"mysticalagriculture:dye_seeds":2,"minecraft:ladder":10,"minecraft:poppy":4,"ars_nouveau:magebloom_crop":1,"rftoolspower:coalgenerator":2,"minecraft:chest":45,"minecraft:shield":7,"minecraft:zombie_spawn_egg":1,"minecraft:warped_sign":3,"minecraft:rotten_flesh":1,"minecraft:carrot":5,"mysticalagriculture:inferium_seeds":4,"mysticalagriculture:redstone_seeds":111,"minecraft:spruce_boat":46,"minecraft:glass":75,"minecraft:lava_bucket":9,"minecraft:grass_block":10,"mekanismgenerators:wind_generator":5,"botania:livingwood_log":13,"minecraft:hopper_minecart":1,"minecraft:bow":267,"pipez:item_pipe":29,"minecraft:furnace":4,"minecraft:egg":3,"minecraft:potato":173,"thermal:slime_grenade":4,"minecraft:stone_pickaxe":471,"thermal:machine_centrifuge":1,"minecraft:composter":10,"minecraft:sugar_cane":3,"rftoolsutility:crafter3":2,"minecraft:loom":2,"mysticalagriculture:nature_seeds":1,"minecraft:lever":6,"cobblefordays:tier_3":1,"minecraft:firework_rocket":9,"thermal:redstone_grenade":12,"minecraft:string":1,"minecraft:bread":7,"mysticalagriculture:bronze_seeds":2,"minecraft:lectern":1,"minecraft:gravel":2,"exmachinis:flux_hammer":5,"minecraft:diamond_sword":644,"mysticalagriculture:electrum_seeds":2,"minecraft:smithing_table":2,"exmachinis:flux_sieve":2,"minecraft:air":1,"minecraft:coarse_dirt":394,"mysticalagriculture:wood_seeds":14,"minecraft:oak_trapdoor":5,"minecraft:stone_shovel":786,"minecraft:redstone":1,"minecraft:spruce_planks":16,"minecraft:stone_hoe":89,"minecraft:orange_bed":5,"minecraft:torch":81,"mysticalagriculture:water_seeds":3,"minecraft:dirt":191,"minecraft:warped_wart_block":5,"minecraft:hopper":22,"mysticalagriculture:gold_seeds":47,"silentgear:fluffy_seeds":2,"minecraft:cobblestone_wall":94,"thermal:explosive_grenade":23,"cobblefordays:tier_5":1,"minecraft:bookshelf":1,"minecraft:iron_axe":2087,"minecraft:barrel":2,"exdeorum:stone_hammer":33,"mysticalagriculture:stone_seeds":2,"tombstone:gift":7,"minecraft:observer":3,"minecraft:wheat_seeds":37,"minecraft:water_bucket":143,"minecraft:baked_potato":96,"minecraft:spruce_sign":6,"minecraft:cobblestone_slab":2516,"minecraft:fletching_table":11,"minecraft:stonecutter":2,"minecraft:spruce_fence_gate":6,"minecraft:rail":2,"minecraft:tnt":46,"minecraft:crafting_table":9,"minecraft:white_bed":10,"minecraft:piston":1,"mysticalagriculture:dirt_seeds":8,"thermal:glowstone_grenade":4,"mysticalagriculture:fertilized_essence":1,"craftingstation:crafting_station":1,"exdeorum:mechanical_hammer":5,"minecraft:iron_pickaxe":202,"enderio:crafter":7,"minecraft:spruce_trapdoor":3,"minecraft:spruce_sapling":328,"minecraft:stone_axe":3203,"thermal:machine_crafter":3,"minecraft:cobblestone":1059,"minecraft:bucket":149,"pipez:energy_pipe":37},"minecraft:crafted":{"pipez:wrench":1,"minecraft:oak_planks":4,"minecraft:smooth_stone":64,"mysticalagriculture:upgrade_base":1,"minecraft:cobblestone_slab":2524,"pipez:item_pipe":16,"thermal:copper_gear":4,"minecraft:loom":1,"minecraft:stone":64,"minecraft:lever":2,"minecraft:diamond_shovel":6,"minecraft:bookshelf":1,"thermal:machine_frame":2,"minecraft:iron_bars":16,"minecraft:warped_planks":28,"minecraft:glass":96,"minecraft:hopper":19,"minecraft:diamond_helmet":1,"minecraft:diamond_leggings":1,"minecraft:bow":8,"exmachinis:diamond_upgrade":2,"rftoolsutility:crafter1":2,"minecraft:chest":219,"minecraft:rail":16,"minecraft:stone_hoe":1,"exdeorum:stone_hammer":1,"thermal:machine_crafter":1,"thermal:redstone_grenade":12,"minecraft:dropper":2,"rftoolspower:coalgenerator":2,"enderio:basic_capacitor":1,"minecraft:emerald":470,"minecraft:crafting_table":19,"minecraft:spruce_planks":10770,"minecraft:baked_potato":110,"minecraft:smithing_table":1,"craftingstation:crafting_station":1,"minecraft:fletching_table":3,"minecraft:hopper_minecart":1,"minecraft:spectral_arrow":256,"rftoolsutility:crafter2":2,"thermal:explosive_grenade":24,"minecraft:dispenser":1,"minecraft:tnt":32,"thermal:tin_gear":3,"minecraft:spruce_trapdoor":14,"minecraft:paper":3,"minecraft:charcoal":22,"minecraft:diamond_pickaxe":1,"minecraft:shield":16,"minecraft:stick":14455,"rftoolsutility:crafter3":2,"minecraft:iron_ingot":6,"minecraft:compass":1,"minecraft:iron_pickaxe":4,"exdeorum:mechanical_hammer":1,"minecraft:iron_block":6,"minecraft:gold_ingot":20,"thermal:slime_grenade":4,"minecraft:redstone_torch":20,"minecraft:composter":10,"minecraft:spruce_fence_gate":6,"minecraft:shears":10,"thermal:glowstone_grenade":4,"exmachinis:flux_sieve":1,"minecraft:coarse_dirt":540,"thermal:machine_centrifuge":1,"thermal:iron_gear":2,"minecraft:redstone":156,"minecraft:stone_shovel":6,"rftoolsbase:machine_frame":4,"minecraft:iron_nugget":18,"exmachinis:gold_upgrade":6,"minecraft:furnace":3,"mysticalagriculture:prosperity_ingot":4,"exdeorum:diamond_mesh":1,"minecraft:cherry_sapling":32,"minecraft:orange_wool":16,"minecraft:oak_trapdoor":4,"minecraft:glass_pane":48,"enderio:crafter":1,"minecraft:iron_axe":9,"minecraft:ladder":12,"minecraft:spruce_slab":144,"minecraft:stone_pickaxe":4,"minecraft:cobblestone_wall":120,"minecraft:diamond_boots":1,"thermal:constantan_ingot":160,"minecraft:spruce_boat":14,"refinedstorage:silicon":3,"minecraft:redstone_block":4,"minecraft:minecart":1,"minecraft:observer":1,"minecraft:diamond_sword":1,"thermal:constantan_gear":9,"exdeorum:diamond_hammer":1,"minecraft:spruce_sign":3,"enderio:void_chassis":1,"pipez:energy_pipe":32,"exdeorum:spruce_sieve":1,"minecraft:grass_block":20,"minecraft:bucket":2,"minecraft:stone_axe":24,"minecraft:bread":8,"minecraft:air":0,"cobblefordays:tier_3":1,"minecraft:blue_dye":8,"minecraft:gold_nugget":18,"minecraft:warped_sign":3,"minecraft:black_glazed_terracotta":10,"minecraft:white_bed":2,"exmachinis:flux_hammer":1,"minecraft:orange_bed":5,"thermal:rf_coil":2,"minecraft:firework_rocket":9,"minecraft:diamond_chestplate":1},"minecraft:killed_by":{"minecraft:player":17},"minecraft:killed":{"minecraft:zombified_piglin":5,"minecraft:witch":3,"minecraft:spider":6,"minecraft:skeleton":170,"minecraft:chicken":1,"minecraft:piglin":1,"minecraft:zombie_villager":4,"minecraft:iron_golem":8,"minecraft:creeper":206,"minecraft:zombie":151,"minecraft:slime":41,"minecraft:phantom":1,"ars_nouveau:drygmy":1,"ars_nouveau:whirlisprig":3,"minecraft:enderman":1},"minecraft:broken":{"minecraft:iron_leggings":1,"minecraft:stone_pickaxe":3,"minecraft:stone_axe":24,"minecraft:bow":1,"minecraft:stone_shovel":6,"minecraft:iron_axe":7,"minecraft:iron_helmet":1},"minecraft:mined":{"mekanismgenerators:wind_generator":6,"minecraft:white_bed":9,"minecraft:spruce_planks":12,"minecraft:farmland":1,"minecraft:cherry_log":233,"thermal:machine_crafter":3,"mysticalagriculture:nature_crop":1,"minecraft:spruce_trapdoor":3,"botania:livingwood_log":13,"minecraft:grass_block":9,"thermal:machine_centrifuge":1,"minecraft:composter":3,"minecraft:hopper":15,"mysticalagriculture:electrum_crop":1,"minecraft:fire":11,"minecraft:fletching_table":8,"minecraft:dirt_path":352,"mysticalagriculture:wood_crop":13,"minecraft:tripwire":1,"exdeorum:mechanical_hammer":6,"mysticalagriculture:redstone_crop":108,"pipez:energy_pipe":36,"exmachinis:flux_hammer":4,"minecraft:torch":8,"mysticalagriculture:inferium_crop":4,"minecraft:chest":21,"minecraft:spruce_wall_sign":6,"minecraft:glass":5,"minecraft:cobblestone":382,"minecraft:oak_planks":1,"minecraft:sugar_cane":4,"minecraft:wall_torch":5,"minecraft:wheat":27,"minecraft:tnt":13,"mysticalagriculture:stone_crop":2,"minecraft:oak_log":1,"minecraft:loom":1,"minecraft:dirt":100,"minecraft:piston":1,"minecraft:dispenser":1,"minecraft:stonecutter":2,"minecraft:netherrack":1,"mysticalagriculture:gold_crop":46,"minecraft:cherry_sapling":1,"mysticalagriculture:brass_crop":1,"minecraft:lever":1,"mysticalagriculture:dye_crop":2,"mysticalagriculture:bronze_crop":2,"minecraft:spruce_leaves":4,"silentgear:fluffy_plant":1,"ars_nouveau:magebloom_crop":1,"minecraft:oak_trapdoor":1,"minecraft:spruce_sapling":14,"minecraft:furnace":1,"minecraft:carrots":2,"minecraft:nether_sprouts":1,"minecraft:stripped_spruce_log":1,"rftoolspower:coalgenerator":1,"minecraft:bookshelf":1,"minecraft:potatoes":77,"minecraft:shroomlight":2,"minecraft:cobblestone_slab":180,"minecraft:rail":1,"minecraft:warped_stem":7,"minecraft:smithing_table":1,"enderio:crafter":7,"minecraft:observer":2,"pipez:item_pipe":23,"minecraft:crafting_table":7,"exmachinis:flux_sieve":1,"cobblefordays:tier_5":1,"minecraft:lectern":1,"mysticalagriculture:water_crop":4,"minecraft:warped_wart_block":16,"minecraft:coarse_dirt":44,"mysticalagriculture:dirt_crop":8,"minecraft:cobblestone_wall":24,"minecraft:spruce_log":4802,"minecraft:gravel":2},"minecraft:custom":{"minecraft:animals_bred":11,"minecraft:interact_with_crafting_table":155,"minecraft:open_barrel":55,"minecraft:leave_game":15,"minecraft:time_since_death":874,"minecraft:sprint_one_cm":1288877,"minecraft:damage_blocked_by_shield":415,"minecraft:drop":478,"minecraft:talked_to_villager":99,"minecraft:play_time":818995,"minecraft:deaths":67,"minecraft:jump":11501,"minecraft:walk_on_water_one_cm":145165,"minecraft:enchant_item":9,"minecraft:interact_with_furnace":94,"minecraft:traded_with_villager":531,"minecraft:sleep_in_bed":3,"minecraft:damage_dealt":39058,"minecraft:player_kills":14,"minecraft:crouch_one_cm":228267,"tombstone:undead_killed":331,"minecraft:interact_with_smithing_table":2,"minecraft:inspect_dispenser":4,"minecraft:use_cauldron":9,"minecraft:horse_one_cm":330041,"minecraft:inspect_dropper":5,"minecraft:interact_with_anvil":2,"minecraft:mob_kills":652,"minecraft:inspect_hopper":69,"minecraft:fill_cauldron":4,"minecraft:damage_dealt_resisted":170,"minecraft:climb_one_cm":19276,"minecraft:walk_one_cm":1886960,"minecraft:damage_dealt_absorbed":6,"minecraft:sneak_time":59876,"minecraft:walk_under_water_one_cm":132976,"minecraft:boat_one_cm":566312,"minecraft:total_world_time":818995,"tombstone:raider_killed":4,"minecraft:time_since_rest":1,"minecraft:damage_taken":24524,"minecraft:swim_one_cm":5150,"minecraft:fly_one_cm":2935839,"minecraft:open_chest":1126,"minecraft:fall_one_cm":221077},"minecraft:dropped":{"mysticalagriculture:iron_essence":34,"mysticalagriculture:water_essence":5,"refinedstorage:security_card":1,"minecraft:flint":2,"tombstone:bag_of_seeds":4,"mysticalagriculture:brass_seeds":1,"mysticalagriculture:nature_essence":1,"minecraft:gold_nugget":8,"mysticalagriculture:redstone_essence":10,"minecraft:sugar":1,"mysticalagriculture:redstone_seeds":3,"mekanismgenerators:wind_generator":2,"minecraft:bone":17,"minecraft:gravel":917,"minecraft:sugar_cane":2,"minecraft:wheat":2,"mysticalagriculture:dye_essence":1,"minecraft:rotten_flesh":48,"mysticalagriculture:wood_essence":5,"mysticalagriculture:inferium_seeds":1,"minecraft:carrot":4,"minecraft:gunpowder":11,"mysticalagriculture:brass_essence":4,"minecraft:charcoal":1,"mysticalagriculture:inferium_essence":34,"minecraft:hopper":1,"silentgear:leather_scrap":1,"minecraft:spruce_slab":4,"minecraft:arrow":2,"minecraft:netherrack":1,"minecraft:egg":2,"minecraft:iron_ingot":33,"minecraft:bread":3,"minecraft:wheat_seeds":8,"exdeorum:deepslate_pebble":670,"minecraft:poisonous_potato":3,"mysticalagriculture:gold_essence":1,"minecraft:cobblestone":722,"minecraft:stick":448,"tombstone:grave_dust":8,"mysticalagriculture:prosperity_shard":22,"minecraft:iron_axe":1,"thermal:rf_potato":2,"minecraft:smooth_stone":64,"mysticalagriculture:electrum_essence":1,"minecraft:cobblestone_wall":1,"mysticalagriculture:bronze_essence":2,"minecraft:chicken":1,"minecraft:orange_wool":1,"mysticalagriculture:fertilized_essence":11,"minecraft:potato":4,"minecraft:cobblestone_slab":13,"exdeorum:nickel_ore_chunk":16,"minecraft:spruce_boat":2,"pipez:energy_pipe":15,"minecraft:spruce_planks":156,"minecraft:bundle":1,"mysticalagriculture:stone_essence":1,"thermal:explosive_grenade":1,"minecraft:oak_sapling":386,"minecraft:spider_eye":4,"tombstone:essence_of_undeath":2,"minecraft:spruce_log":98,"minecraft:slime_ball":12,"minecraft:stone_pickaxe":2},"minecraft:picked_up":{"minecraft:wheat":32,"silentgear:fluffy_puff":1,"minecraft:smithing_table":1,"cobblefordays:tier_5":1,"mysticalagriculture:water_seeds":4,"thermal:machine_crafter":3,"mysticalagriculture:dirt_essence":8,"mysticalagriculture:stone_essence":2,"silentgear:fluffy_seeds":2,"minecraft:string":4,"mysticalagriculture:stone_seeds":2,"minecraft:iron_leggings":1,"pipez:energy_pipe":37,"minecraft:shroomlight":2,"mysticalagriculture:inferium_essence":120,"minecraft:gold_nugget":8,"minecraft:cobbled_deepslate":457,"minecraft:bucket":1,"minecraft:spruce_planks":178,"minecraft:cobblestone_slab":353,"minecraft:furnace":1,"minecraft:stick":1031,"minecraft:composter":3,"mysticalagriculture:electrum_seeds":2,"minecraft:torch":83,"mysticalagriculture:inferium_seeds":5,"minecraft:cherry_log":233,"mysticalagriculture:electrum_essence":1,"tombstone:grave_dust":46,"silentgear:leather_scrap":2,"minecraft:rotten_flesh":173,"mysticalagriculture:brass_seeds":1,"silentgear:axe_blueprint":1,"silentgear:shovel_blueprint":1,"botania:livingwood_log":13,"mysticalagriculture:brass_essence":4,"mekanism:lead_ore":6,"minecraft:cobblestone":1817,"exdeorum:osmium_ore_chunk":32,"minecraft:potato":284,"ars_nouveau:magebloom":1,"minecraft:tuff":39,"exdeorum:nickel_ore_chunk":32,"minecraft:lapis_lazuli":34,"mysticalagriculture:dirt_seeds":8,"minecraft:dirt":614,"minecraft:glass":83,"minecraft:bone":156,"minecraft:bow":12,"minecraft:stonecutter":2,"minecraft:wheat_seeds":107,"minecraft:fletching_table":8,"mekanism:osmium_ore":10,"minecraft:oak_planks":1,"exmachinis:diamond_upgrade":2,"mysticalagriculture:nature_essence":1,"exmachinis:flux_hammer":4,"minecraft:warped_wart_block":5,"minecraft:poisonous_potato":5,"thermal:nickel_ore":13,"minecraft:stripped_spruce_log":1,"sophisticatedbackpacks:iron_backpack":1,"minecraft:loom":1,"minecraft:diamond_block":1,"minecraft:spectral_arrow":1,"minecraft:bundle":2,"minecraft:dispenser":1,"exdeorum:diamond_mesh":1,"minecraft:sugar":1,"thermal:tin_ore":15,"minecraft:spruce_boat":34,"minecraft:lever":4,"mysticalagriculture:redstone_seeds":114,"minecraft:spruce_sign":5,"minecraft:bread":2,"minecraft:oak_sapling":386,"minecraft:netherrack":2,"minecraft:charcoal":329,"silentgear:rod_blueprint":1,"exdeorum:gold_ore_chunk":82,"minecraft:coarse_dirt":166,"minecraft:crafting_table":7,"minecraft:chicken":1,"silentgear:shield_blueprint":1,"silentgear:pickaxe_blueprint":1,"mysticalagriculture:redstone_essence":118,"minecraft:oak_trapdoor":1,"minecraft:iron_axe":1,"mysticalagriculture:gold_seeds":47,"minecraft:observer":2,"minecraft:poppy":4,"minecraft:lectern":1,"exdeorum:diamond_hammer":9,"minecraft:piston":1,"minecraft:sugar_cane":9,"minecraft:chest":19,"minecraft:spruce_trapdoor":2,"minecraft:egg":12,"minecraft:copper_ore":2,"mysticalagriculture:nature_seeds":1,"pipez:item_pipe":23,"sophisticatedbackpacks:backpack":4,"mysticalagriculture:bronze_essence":3,"minecraft:carrot":14,"exmachinis:flux_sieve":1,"exdeorum:mechanical_hammer":1,"minecraft:dark_oak_planks":2,"minecraft:tnt":14,"minecraft:arrow":211,"mysticalagriculture:water_essence":7,"tombstone:essence_of_undeath":4,"sophisticatedbackpacks:copper_backpack":1,"thermal:machine_centrifuge":1,"minecraft:rail":1,"minecraft:white_wool":64,"silentgear:knife_blueprint":1,"mysticalagriculture:fertilized_essence":14,"rftoolspower:coalgenerator":1,"mysticalagriculture:dye_seeds":2,"minecraft:oak_log":1,"mysticalagriculture:bronze_seeds":2,"minecraft:cobblestone_wall":34,"minecraft:gunpowder":212,"mysticalagriculture:gold_essence":46,"minecraft:warped_stem":7,"minecraft:iron_ingot":37,"minecraft:stone_pickaxe":2,"minecraft:iron_ore":24,"tombstone:bag_of_seeds":5,"mysticalagriculture:wood_essence":12,"minecraft:book":3,"exdeorum:deepslate_pebble":688,"refinedstorage:security_card":1,"exdeorum:lead_ore_chunk":18,"minecraft:gravel":4331,"minecraft:spruce_sapling":895,"minecraft:white_bed":9,"minecraft:spruce_log":4836,"minecraft:gold_ore":13,"mysticalagriculture:wood_seeds":14,"minecraft:spider_eye":7,"mekanismgenerators:wind_generator":6,"thermal:silver_ore":9,"minecraft:slime_ball":26,"minecraft:iron_helmet":1,"silentgear:sword_blueprint":1,"minecraft:cherry_sapling":113,"mysticalagriculture:dye_essence":2,"tombstone:magic_scroll":3,"minecraft:hopper":15,"enderio:crafter":7,"ars_nouveau:magebloom_crop":1}},"DataVersion":3465}