{"stats":{"minecraft:used":{"mysticalagriculture:infusion_pedestal":11,"pipez:fluid_pipe":2,"minecraft:beetroot":1,"minecraft:oak_trapdoor":133,"minecraft:glass":15,"minecraft:water_bucket":19,"exdeorum:oak_barrel":2,"minecraft:lava_bucket":2,"cobblefordays:tier_5":1,"minecraft:villager_spawn_egg":5,"mysticalagriculture:dye_seeds":3,"mysticalagriculture:bronze_seeds":1,"mekanismgenerators:wind_generator":2,"minecraft:diamond_hoe":135,"mysticalagriculture:iron_seeds":5,"minecraft:chest":16,"mysticalagriculture:infusion_altar":3,"minecraft:zombie_spawn_egg":1,"minecraft:composter":3,"exmachinis:flux_hammer":6,"mekanism:rotary_condensentrator":2,"minecraft:sugar_cane":8,"minecraft:cobblestone_slab":4418,"minecraft:stone_hoe":148,"minecraft:melon_seeds":15,"minecraft:farmland":169,"minecraft:torch":72,"exdeorum:oak_crucible":2,"minecraft:dirt":261,"minecraft:anvil":1,"minecraft:cobblestone":1243,"minecraft:oak_slab":5,"minecraft:hopper":11,"mysticalagriculture:gold_seeds":1,"pipez:item_pipe":5,"cobblefordays:tier_2":1,"minecraft:beetroot_seeds":31,"minecraft:cobblestone_wall":143,"minecraft:carrot":40,"minecraft:white_bed":12,"exmachinis:flux_sieve":4,"pipez:energy_pipe":17,"minecraft:potato":53,"mekanism:advanced_fluid_tank":1,"sophisticatedstorage:iron_barrel":1,"minecraft:crimson_fence_gate":11,"minecraft:dark_oak_sapling":9,"mysticalagriculture:redstone_seeds":7,"exdeorum:oak_sieve":9},"minecraft:custom":{"minecraft:time_since_rest":121530,"minecraft:sprint_one_cm":28229,"minecraft:walk_one_cm":122027,"minecraft:interact_with_anvil":1,"minecraft:drop":7,"minecraft:inspect_hopper":6,"minecraft:damage_dealt":10,"minecraft:interact_with_crafting_table":4,"minecraft:fly_one_cm":431102,"minecraft:open_barrel":9,"minecraft:open_chest":18,"minecraft:crouch_one_cm":37844,"minecraft:play_time":121530,"minecraft:sneak_time":10397,"minecraft:jump":210,"minecraft:leave_game":10,"minecraft:walk_on_water_one_cm":851,"minecraft:time_since_death":121530,"minecraft:total_world_time":121530,"minecraft:fall_one_cm":418},"minecraft:dropped":{"minecraft:gravel":8,"minecraft:potato":194,"minecraft:tnt":9,"minecraft:torch":1},"minecraft:mined":{"minecraft:tnt":9,"minecraft:oak_leaves":5},"minecraft:picked_up":{"minecraft:potato":2,"minecraft:tnt":9,"minecraft:sugar_cane":8}},"DataVersion":3465}