{"stats":{"minecraft:picked_up":{"minecraft:potato":2,"minecraft:tnt":9,"minecraft:sugar_cane":8},"minecraft:dropped":{"minecraft:potato":194,"minecraft:tnt":9,"minecraft:torch":1},"minecraft:mined":{"minecraft:tnt":9,"minecraft:oak_leaves":5},"minecraft:custom":{"minecraft:time_since_rest":114188,"minecraft:sprint_one_cm":28158,"minecraft:walk_one_cm":120156,"minecraft:interact_with_anvil":1,"minecraft:drop":6,"minecraft:damage_dealt":10,"minecraft:inspect_hopper":5,"minecraft:interact_with_crafting_table":4,"minecraft:fly_one_cm":419506,"minecraft:open_barrel":9,"minecraft:open_chest":15,"minecraft:crouch_one_cm":37830,"minecraft:play_time":114188,"minecraft:sneak_time":10320,"minecraft:jump":205,"minecraft:leave_game":8,"minecraft:walk_on_water_one_cm":851,"minecraft:time_since_death":114188,"minecraft:total_world_time":114188,"minecraft:fall_one_cm":418},"minecraft:used":{"mysticalagriculture:infusion_pedestal":11,"exdeorum:oak_sieve":9,"mysticalagriculture:redstone_seeds":7,"minecraft:beetroot":1,"minecraft:oak_trapdoor":133,"minecraft:glass":15,"exdeorum:oak_barrel":2,"minecraft:water_bucket":19,"minecraft:lava_bucket":2,"cobblefordays:tier_5":1,"minecraft:villager_spawn_egg":5,"mysticalagriculture:dye_seeds":3,"mysticalagriculture:bronze_seeds":1,"minecraft:diamond_hoe":135,"mekanismgenerators:wind_generator":2,"mysticalagriculture:iron_seeds":5,"minecraft:chest":16,"mysticalagriculture:infusion_altar":3,"minecraft:zombie_spawn_egg":1,"minecraft:composter":3,"mekanism:rotary_condensentrator":1,"minecraft:melon_seeds":15,"minecraft:sugar_cane":8,"minecraft:cobblestone_slab":4418,"exmachinis:flux_hammer":6,"minecraft:stone_hoe":148,"minecraft:farmland":169,"minecraft:torch":72,"minecraft:cobblestone":1243,"minecraft:dirt":261,"exdeorum:oak_crucible":2,"minecraft:anvil":1,"minecraft:oak_slab":5,"minecraft:hopper":11,"pipez:item_pipe":5,"mysticalagriculture:gold_seeds":1,"cobblefordays:tier_2":1,"minecraft:beetroot_seeds":31,"minecraft:cobblestone_wall":143,"minecraft:carrot":40,"minecraft:white_bed":12,"exmachinis:flux_sieve":4,"pipez:energy_pipe":17,"minecraft:potato":53,"sophisticatedstorage:iron_barrel":1,"minecraft:crimson_fence_gate":11,"minecraft:dark_oak_sapling":9}},"DataVersion":3465}