{"stats":{"minecraft:used":{"exdeorum:oak_sieve":1,"minecraft:iron_ore":1,"exdeorum:compressed_diamond_hammer":145,"minecraft:diamond_axe":9,"minecraft:gold_ore":32,"exdeorum:compressed_cobblestone":223,"minecraft:diamond_pickaxe":33,"minecraft:gravel":2003,"exdeorum:stone_hammer":1,"exdeorum:compressed_stone_hammer":78,"minecraft:cooked_beef":4},"minecraft:dropped":{"minecraft:gravel":6,"minecraft:wheat_seeds":1,"thermal:nickel_ore":3,"exdeorum:deepslate_pebble":2028,"minecraft:diamond":4,"minecraft:dark_oak_sapling":5,"exdeorum:copper_ore_chunk":10,"minecraft:raw_iron":1,"exdeorum:oak_sieve":7,"exdeorum:iron_ore_chunk":18,"minecraft:coal":19,"exdeorum:diamond_hammer":1,"exdeorum:grass_seeds":3,"minecraft:melon_seeds":4,"exdeorum:compressed_stone_hammer":1,"create:zinc_ore":1,"minecraft:arrow":3,"minecraft:cactus":6,"exdeorum:stone_pebble":1195,"exdeorum:lead_ore_chunk":2,"exdeorum:stone_hammer":1},"minecraft:crafted":{"thermal:nickel_ore":12,"exdeorum:golden_mesh":9,"minecraft:diamond_sword":1,"thermal:silver_ore":9,"exdeorum:diamond_hammer":10,"minecraft:diamond_axe":1,"minecraft:gold_ore":32,"mekanism:lead_ore":2,"minecraft:cobbled_deepslate":16,"exdeorum:diamond_mesh":9,"minecraft:copper_ore":16,"minecraft:stone":3,"thermal:tin_ore":16,"minecraft:air":0,"create:zinc_ore":1,"minecraft:diamond_helmet":1,"minecraft:diamond_leggings":1,"minecraft:cobblestone":48,"minecraft:diamond_pickaxe":1,"exdeorum:compressed_cobblestone":223,"minecraft:stick":64,"minecraft:iron_ore":24,"exdeorum:compressed_diamond_hammer":1,"minecraft:diamond_boots":1,"minecraft:gold_ingot":36,"minecraft:dark_oak_planks":32,"exdeorum:stone_hammer":1,"mekanism:osmium_ore":7,"minecraft:diamond_chestplate":1},"minecraft:picked_up":{"exdeorum:gold_ore_chunk":141,"exdeorum:osmium_ore_chunk":92,"minecraft:charcoal":2,"minecraft:cooked_beef":66,"minecraft:prismarine_shard":4,"exdeorum:iron_ore_chunk":260,"minecraft:flint":146,"minecraft:lapis_lazuli":121,"exdeorum:grass_seeds":3,"exdeorum:nickel_ore_chunk":152,"minecraft:wheat_seeds":1,"minecraft:gold_nugget":10,"exdeorum:iron_mesh":9,"minecraft:raw_gold":32,"exdeorum:oak_sieve":8,"exdeorum:stone_pebble":1028,"create:zinc_ore":1,"exdeorum:zinc_ore_chunk":90,"minecraft:iron_nugget":26,"exdeorum:compressed_stone_hammer":1,"minecraft:sugar_cane":2,"minecraft:dark_oak_sapling":5,"minecraft:stick":3,"minecraft:raw_iron":1,"exdeorum:deepslate_pebble":1985,"exdeorum:lead_ore_chunk":102,"sophisticatedbackpacks:backpack":1,"minecraft:gravel":2003,"minecraft:amethyst_shard":75,"exdeorum:silver_ore_chunk":88,"minecraft:dark_oak_log":8,"minecraft:prismarine_crystals":7,"minecraft:cactus":6,"minecraft:diamond":125,"exdeorum:tin_ore_chunk":187,"exdeorum:copper_ore_chunk":122,"minecraft:bread":23,"minecraft:emerald":98,"minecraft:melon_seeds":4,"minecraft:coal":192},"minecraft:custom":{"minecraft:interact_with_furnace":13,"minecraft:interact_with_crafting_table":14,"minecraft:open_barrel":12,"minecraft:leave_game":3,"minecraft:time_since_death":142016,"minecraft:time_since_rest":142016,"minecraft:sprint_one_cm":56455,"minecraft:damage_taken":208,"minecraft:walk_one_cm":148376,"minecraft:drop":80,"minecraft:damage_dealt":49,"minecraft:fly_one_cm":94906,"minecraft:open_chest":40,"minecraft:crouch_one_cm":19077,"minecraft:play_time":142016,"minecraft:sneak_time":4241,"minecraft:jump":739,"minecraft:total_world_time":142016,"minecraft:fall_one_cm":8208},"minecraft:mined":{"exdeorum:compressed_cobblestone":222,"minecraft:iron_ore":1,"minecraft:gravel":5,"exdeorum:oak_sieve":10,"minecraft:gold_ore":32}},"DataVersion":3465}