{
  "type": "minecraft:entity",
  "pools": [
    {
      "rolls": 1.0,
      "bonus_rolls": 0.0,
      "entries": [
        {
          "type": "minecraft:item",
          "functions": [
            {
              "function": "minecraft:set_count",
              "count": 1.0,
              "add": false
            }
          ],
          "name": "minecraft:tropical_fish"
        }
      ]
    },
    {
      "rolls": 1.0,
      "bonus_rolls": 0.0,
      "entries": [
 {
                    "type": "item",
                    "name": "minecraft:tube_coral",
                    "weight": 1
                },
                {
                    "type": "item",
                    "name": "minecraft:tube_coral_fan",
                    "weight": 1
                },
                 {
                    "type": "item",
                    "name": "minecraft:brain_coral",
                    "weight": 1
                },
                {
                    "type": "item",
                    "name": "minecraft:brain_coral_fan",
                    "weight": 1
                },
		 {
                    "type": "item",
                    "name": "minecraft:bubble_coral",
                    "weight": 1
                },
                {
                    "type": "item",
                    "name": "minecraft:bubble_coral_fan",
                    "weight": 1
                },
		 {
                    "type": "item",
                    "name": "minecraft:fire_coral",
                    "weight": 1
                },
                {
                    "type": "item",
                    "name": "minecraft:fire_coral_fan",
                    "weight": 1
                },
		 {
                    "type": "item",
                    "name": "minecraft:horn_coral",
                    "weight": 1
                },
                {
                    "type": "item",
                    "name": "minecraft:horn_coral_fan",
                    "weight": 1
                },
        {
          "type": "minecraft:item",
          "name": "minecraft:bone_meal"
        }
      ],
      "conditions": [
        {
          "condition": "minecraft:random_chance",
          "chance": 0.5
        }
      ]
    }
  ]
}