{
  "ars_nouveau:recipes/misc/ritual_flight": {
    "criteria": {
      "has_journal": "2024-07-17 01:30:41 +0000"
    },
    "done": true
  },
  "ars_nouveau:recipes/building_blocks/smooth_gilded_sourcestone_basketweave_stonecutter_stair": {
    "criteria": {
      "has_journal": "2024-07-17 01:30:41 +0000"
    },
    "done": true
  },
  "ars_elemental:recipes/misc/tablet_ritual_repulsion": {
    "criteria": {
      "has_journal": "2024-07-17 01:30:41 +0000"
    },
    "done": true
  },
  "ars_nouveau:recipes/building_blocks/smooth_gilded_sourcestone_large_bricks_stonecutter_stair": {
    "criteria": {
      "has_journal": "2024-07-17 01:30:41 +0000"
    },
    "done": true
  },
  "ars_caelum:recipes/misc/ritual_conjure_island_end_portal": {
    "criteria": {
      "has_journal": "2024-07-17 01:30:41 +0000"
    },
    "done": true
  },
  "ars_nouveau:recipes/building_blocks/smooth_gilded_sourcestone_mosaic_stone_cutterslab": {
    "criteria": {
      "has_journal": "2024-07-17 01:30:41 +0000"
    },
    "done": true
  },
  "ars_nouveau:recipes/misc/ritual_fertility": {
    "criteria": {
      "has_journal": "2024-07-17 01:30:41 +0000"
    },
    "done": true
  },
  "ars_nouveau:recipes/misc/gilded_sourcestone_large_bricks_to_sourcestone": {
    "criteria": {
      "has_journal": "2024-07-17 01:30:41 +0000"
    },
    "done": true
  },
  "ars_nouveau:recipes/misc/ritual_animal_summon": {
    "criteria": {
      "has_journal": "2024-07-17 01:30:41 +0000"
    },
    "done": true
  },
  "ars_nouveau:recipes/building_blocks/smooth_sourcestone_slab": {
    "criteria": {
      "has_journal": "2024-07-17 01:30:41 +0000"
    },
    "done": true
  },
  "ars_nouveau:recipes/building_blocks/sourcestone_large_bricks_stonecutter_stair": {
    "criteria": {
      "has_journal": "2024-07-17 01:30:41 +0000"
    },
    "done": true
  },
  "ars_nouveau:recipes/misc/manipulation_essence_to_andesite": {
    "criteria": {
      "has_journal": "2024-07-17 01:30:41 +0000"
    },
    "done": true
  },
  "ars_nouveau:recipes/misc/green_archwood_wood": {
    "criteria": {
      "has_journal": "2024-07-17 01:30:41 +0000"
    },
    "done": true
  },
  "create:root": {
    "criteria": {
      "0": "2024-07-17 01:30:41 +0000"
    },
    "done": true
  },
  "ars_nouveau:recipes/misc/gilded_sourcestone_large_bricks_stairs": {
    "criteria": {
      "has_journal": "2024-07-17 01:30:41 +0000"
    },
    "done": true
  },
  "ars_nouveau:recipes/misc/smooth_sourcestone_stairs": {
    "criteria": {
      "has_journal": "2024-07-17 01:30:41 +0000"
    },
    "done": true
  },
  "ars_nouveau:recipes/misc/ritual_brazier": {
    "criteria": {
      "has_journal": "2024-07-17 01:30:41 +0000"
    },
    "done": true
  },
  "ars_nouveau:recipes/misc/manipulation_essence_to_mycelium": {
    "criteria": {
      "has_journal": "2024-07-17 01:30:41 +0000"
    },
    "done": true
  },
  "ars_nouveau:recipes/building_blocks/stripped_green_archwood_wood": {
    "criteria": {
      "has_journal": "2024-07-17 01:30:41 +0000"
    },
    "done": true
  },
  "ars_nouveau:recipes/building_blocks/smooth_gilded_sourcestone_basketweave_stone_cutterslab": {
    "criteria": {
      "has_journal": "2024-07-17 01:30:41 +0000"
    },
    "done": true
  },
  "ars_nouveau:recipes/misc/spike_to_arrow": {
    "criteria": {
      "has_journal": "2024-07-17 01:30:41 +0000"
    },
    "done": true
  },
  "ars_nouveau:recipes/misc/void_prism": {
    "criteria": {
      "has_journal": "2024-07-17 01:30:41 +0000"
    },
    "done": true
  },
  "ars_nouveau:recipes/misc/relay": {
    "criteria": {
      "has_journal": "2024-07-17 01:30:41 +0000"
    },
    "done": true
  },
  "ars_nouveau:recipes/misc/ritual_burrowing": {
    "criteria": {
      "has_journal": "2024-07-17 01:30:41 +0000"
    },
    "done": true
  },
  "ars_nouveau:recipes/misc/ritual_overgrowth": {
    "criteria": {
      "has_journal": "2024-07-17 01:30:41 +0000"
    },
    "done": true
  },
  "ars_elemental:recipes/misc/alt_blossom": {
    "criteria": {
      "has_journal": "2024-07-17 01:30:41 +0000"
    },
    "done": true
  },
  "ars_nouveau:recipes/misc/sunrise_2": {
    "criteria": {
      "has_journal": "2024-07-17 01:30:41 +0000"
    },
    "done": true
  },
  "mekanism:root": {
    "criteria": {
      "automatic": "2024-07-17 01:30:41 +0000"
    },
    "done": true
  },
  "ars_nouveau:recipes/misc/manipulation_essence_to_diorite": {
    "criteria": {
      "has_journal": "2024-07-17 01:30:41 +0000"
    },
    "done": true
  },
  "ars_nouveau:recipes/building_blocks/gilded_sourcestone_alternating_stone_cutterslab": {
    "criteria": {
      "has_journal": "2024-07-17 01:30:41 +0000"
    },
    "done": true
  },
  "ars_nouveau:recipes/misc/clear_deny": {
    "criteria": {
      "has_journal": "2024-07-17 01:30:41 +0000"
    },
    "done": true
  },
  "ars_nouveau:recipes/misc/moonfall_2": {
    "criteria": {
      "has_journal": "2024-07-17 01:30:41 +0000"
    },
    "done": true
  },
  "ars_nouveau:recipes/misc/spell_prism": {
    "criteria": {
      "has_journal": "2024-07-17 01:30:41 +0000"
    },
    "done": true
  },
  "ars_nouveau:recipes/misc/polished_source_sconce": {
    "criteria": {
      "has_journal": "2024-07-17 01:30:41 +0000"
    },
    "done": true
  },
  "ars_nouveau:recipes/misc/gilded_sourcestone_alternating_stairs": {
    "criteria": {
      "has_journal": "2024-07-17 01:30:41 +0000"
    },
    "done": true
  },
  "ars_nouveau:recipes/misc/ritual_sunrise": {
    "criteria": {
      "has_journal": "2024-07-17 01:30:41 +0000"
    },
    "done": true
  },
  "ars_nouveau:recipes/misc/wipe_spell_parchment": {
    "criteria": {
      "has_journal": "2024-07-17 01:30:41 +0000"
    },
    "done": true
  },
  "ars_nouveau:recipes/misc/wixie_hat": {
    "criteria": {
      "has_journal": "2024-07-17 01:30:41 +0000"
    },
    "done": true
  },
  "ars_nouveau:recipes/building_blocks/sourcestone_basketweave_stone_cutterslab": {
    "criteria": {
      "has_journal": "2024-07-17 01:30:41 +0000"
    },
    "done": true
  },
  "ars_nouveau:recipes/building_blocks/gilded_sourcestone_small_bricks_stonecutter_stair": {
    "criteria": {
      "has_journal": "2024-07-17 01:30:41 +0000"
    },
    "done": true
  },
  "ars_nouveau:recipes/misc/source_berry_pie": {
    "criteria": {
      "has_journal": "2024-07-17 01:30:41 +0000"
    },
    "done": true
  },
  "ars_nouveau:recipes/building_blocks/archwood_fence_gate": {
    "criteria": {
      "has_journal": "2024-07-17 01:30:41 +0000"
    },
    "done": true
  },
  "ars_nouveau:recipes/misc/gilded_sourcestone_basketweave_to_sourcestone": {
    "criteria": {
      "has_journal": "2024-07-17 01:30:41 +0000"
    },
    "done": true
  },
  "ars_nouveau:recipes/misc/ritual_forestation": {
    "criteria": {
      "has_journal": "2024-07-17 01:30:41 +0000"
    },
    "done": true
  },
  "minecraft:recipes/misc/turtle_egg": {
    "criteria": {
      "has_journal": "2024-07-17 01:30:41 +0000"
    },
    "done": true
  },
  "ars_nouveau:recipes/misc/ritual_cloudshaping": {
    "criteria": {
      "has_journal": "2024-07-17 01:30:41 +0000"
    },
    "done": true
  },
  "ars_nouveau:recipes/misc/blank_parchment": {
    "criteria": {
      "has_journal": "2024-07-17 01:30:41 +0000"
    },
    "done": true
  },
  "ars_nouveau:recipes/building_blocks/archwood_fence": {
    "criteria": {
      "has_journal": "2024-07-17 01:30:41 +0000"
    },
    "done": true
  },
  "ars_nouveau:recipes/misc/archwood_planks": {
    "criteria": {
      "has_journal": "2024-07-17 01:30:41 +0000"
    },
    "done": true
  },
  "ars_nouveau:recipes/misc/potion_jar": {
    "criteria": {
      "has_journal": "2024-07-17 01:30:41 +0000"
    },
    "done": true
  },
  "ars_nouveau:recipes/misc/air_essence_to_snow_bucket": {
    "criteria": {
      "has_journal": "2024-07-17 01:30:41 +0000"
    },
    "done": true
  },
  "ars_nouveau:recipes/misc/ritual_disintegration": {
    "criteria": {
      "has_journal": "2024-07-17 01:30:41 +0000"
    },
    "done": true
  },
  "ars_nouveau:recipes/misc/warp_scroll": {
    "criteria": {
      "has_journal": "2024-07-17 01:30:41 +0000"
    },
    "done": true
  },
  "ars_nouveau:recipes/misc/starbuncle_shades": {
    "criteria": {
      "has_journal": "2024-07-17 01:30:41 +0000"
    },
    "done": true
  },
  "ars_nouveau:recipes/building_blocks/gilded_sourcestone_basketweave_stonecutter_stair": {
    "criteria": {
      "has_journal": "2024-07-17 01:30:41 +0000"
    },
    "done": true
  },
  "ars_nouveau:recipes/building_blocks/sourcestone_basketweave_stonecutter_stair": {
    "criteria": {
      "has_journal": "2024-07-17 01:30:41 +0000"
    },
    "done": true
  },
  "ars_nouveau:recipes/building_blocks/smooth_gilded_sourcestone_basketweave_slab": {
    "criteria": {
      "has_journal": "2024-07-17 01:30:41 +0000"
    },
    "done": true
  },
  "ars_nouveau:recipes/misc/mob_jar": {
    "criteria": {
      "has_journal": "2024-07-17 01:30:41 +0000"
    },
    "done": true
  },
  "ars_nouveau:recipes/building_blocks/sourcestone_basketweave_slab": {
    "criteria": {
      "has_journal": "2024-07-17 01:30:41 +0000"
    },
    "done": true
  },
  "ars_nouveau:recipes/misc/manipulation_essence_to_flourishing_sapling": {
    "criteria": {
      "has_journal": "2024-07-17 01:30:41 +0000"
    },
    "done": true
  },
  "ars_nouveau:recipes/misc/smooth_sourcestone_basketweave_to_sourcestone": {
    "criteria": {
      "has_journal": "2024-07-17 01:30:41 +0000"
    },
    "done": true
  },
  "ars_nouveau:recipes/misc/ritual_warping": {
    "criteria": {
      "has_journal": "2024-07-17 01:30:41 +0000"
    },
    "done": true
  },
  "ars_nouveau:recipes/building_blocks/smooth_sourcestone_large_bricks_slab": {
    "criteria": {
      "has_journal": "2024-07-17 01:30:41 +0000"
    },
    "done": true
  },
  "ars_nouveau:recipes/misc/arcane_core": {
    "criteria": {
      "has_journal": "2024-07-17 01:30:41 +0000"
    },
    "done": true
  },
  "ars_nouveau:recipes/building_blocks/smooth_sourcestone_mosaic_slab": {
    "criteria": {
      "has_journal": "2024-07-17 01:30:41 +0000"
    },
    "done": true
  },
  "ars_nouveau:recipes/misc/ritual_containment": {
    "criteria": {
      "has_journal": "2024-07-17 01:30:41 +0000"
    },
    "done": true
  },
  "ars_nouveau:recipes/misc/ritual_flowering": {
    "criteria": {
      "has_journal": "2024-07-17 01:30:41 +0000"
    },
    "done": true
  },
  "ars_nouveau:recipes/misc/manipulation_essence_to_tuff": {
    "criteria": {
      "has_journal": "2024-07-17 01:30:41 +0000"
    },
    "done": true
  },
  "ars_nouveau:recipes/misc/purple_archwood_wood": {
    "criteria": {
      "has_journal": "2024-07-17 01:30:41 +0000"
    },
    "done": true
  },
  "ars_nouveau:recipes/misc/sconce": {
    "criteria": {
      "has_journal": "2024-07-17 01:30:41 +0000"
    },
    "done": true
  },
  "ars_nouveau:recipes/misc/smooth_gilded_sourcestone_small_bricks_to_sourcestone": {
    "criteria": {
      "has_journal": "2024-07-17 01:30:41 +0000"
    },
    "done": true
  },
  "ars_nouveau:recipes/misc/ritual_gravity": {
    "criteria": {
      "has_journal": "2024-07-17 01:30:41 +0000"
    },
    "done": true
  },
  "ars_nouveau:recipes/building_blocks/smooth_sourcestone_basketweave_slab": {
    "criteria": {
      "has_journal": "2024-07-17 01:30:41 +0000"
    },
    "done": true
  },
  "ars_nouveau:recipes/building_blocks/smooth_sourcestone_mosaic_stonecutter_stair": {
    "criteria": {
      "has_journal": "2024-07-17 01:30:41 +0000"
    },
    "done": true
  },
  "ars_nouveau:recipes/building_blocks/smooth_sourcestone_small_bricks_stone_cutterslab": {
    "criteria": {
      "has_journal": "2024-07-17 01:30:41 +0000"
    },
    "done": true
  },
  "ars_nouveau:recipes/misc/wipe_starby_shard": {
    "criteria": {
      "has_journal": "2024-07-17 01:30:41 +0000"
    },
    "done": true
  },
  "ars_nouveau:recipes/misc/sourcestone_basketweave_to_sourcestone": {
    "criteria": {
      "has_journal": "2024-07-17 01:30:41 +0000"
    },
    "done": true
  },
  "ars_nouveau:recipes/building_blocks/smooth_sourcestone_basketweave_stonecutter_stair": {
    "criteria": {
      "has_journal": "2024-07-17 01:30:41 +0000"
    },
    "done": true
  },
  "ars_nouveau:recipes/misc/alchemical_sourcelink": {
    "criteria": {
      "has_journal": "2024-07-17 01:30:41 +0000"
    },
    "done": true
  },
  "ars_nouveau:recipes/misc/source_berry_roll": {
    "criteria": {
      "has_journal": "2024-07-17 01:30:41 +0000"
    },
    "done": true
  },
  "ars_nouveau:recipes/misc/smooth_sourcestone_alternating_to_sourcestone": {
    "criteria": {
      "has_journal": "2024-07-17 01:30:41 +0000"
    },
    "done": true
  },
  "ars_nouveau:recipes/misc/falseweave": {
    "criteria": {
      "has_journal": "2024-07-17 01:30:41 +0000"
    },
    "done": true
  },
  "ars_nouveau:recipes/misc/scribes_table": {
    "criteria": {
      "has_journal": "2024-07-17 01:30:41 +0000"
    },
    "done": true
  },
  "ars_nouveau:recipes/misc/manipulation_essence_to_calcite": {
    "criteria": {
      "has_journal": "2024-07-17 01:30:41 +0000"
    },
    "done": true
  },
  "ars_nouveau:recipes/building_blocks/sourcestone_large_bricks_slab": {
    "criteria": {
      "has_journal": "2024-07-17 01:30:41 +0000"
    },
    "done": true
  },
  "ars_nouveau:recipes/misc/archwood_trapdoor": {
    "criteria": {
      "has_journal": "2024-07-17 01:30:41 +0000"
    },
    "done": true
  },
  "ars_nouveau:recipes/misc/green_sbed": {
    "criteria": {
      "has_journal": "2024-07-17 01:30:41 +0000"
    },
    "done": true
  },
  "ars_nouveau:recipes/building_blocks/gilded_sourcestone_alternating_slab": {
    "criteria": {
      "has_journal": "2024-07-17 01:30:41 +0000"
    },
    "done": true
  },
  "ars_nouveau:recipes/misc/smooth_gilded_sourcestone_basketweave_to_sourcestone": {
    "criteria": {
      "has_journal": "2024-07-17 01:30:41 +0000"
    },
    "done": true
  },
  "ars_nouveau:recipes/misc/horn_to_bonemeal": {
    "criteria": {
      "has_journal": "2024-07-17 01:30:41 +0000"
    },
    "done": true
  },
  "ars_nouveau:recipes/building_blocks/smooth_sourcestone_large_bricks_stonecutter_stair": {
    "criteria": {
      "has_journal": "2024-07-17 01:30:41 +0000"
    },
    "done": true
  },
  "ars_nouveau:recipes/building_blocks/smooth_gilded_sourcestone_alternating_slab": {
    "criteria": {
      "has_journal": "2024-07-17 01:30:41 +0000"
    },
    "done": true
  },
  "ars_nouveau:recipes/misc/worn_notebook": {
    "criteria": {
      "has_journal": "2024-07-17 01:30:41 +0000"
    },
    "done": true
  },
  "ars_nouveau:recipes/misc/potion_jar_empty": {
    "criteria": {
      "has_journal": "2024-07-17 01:30:41 +0000"
    },
    "done": true
  },
  "ars_nouveau:recipes/misc/fire_essence_to_magma_block": {
    "criteria": {
      "has_journal": "2024-07-17 01:30:41 +0000"
    },
    "done": true
  },
  "ars_nouveau:recipes/misc/source_gem_block": {
    "criteria": {
      "has_journal": "2024-07-17 01:30:41 +0000"
    },
    "done": true
  },
  "ars_nouveau:recipes/building_blocks/archwood_pressure_plate": {
    "criteria": {
      "has_journal": "2024-07-17 01:30:41 +0000"
    },
    "done": true
  },
  "ars_nouveau:recipes/misc/archwood_to_chest": {
    "criteria": {
      "has_journal": "2024-07-17 01:30:41 +0000"
    },
    "done": true
  },
  "ars_nouveau:recipes/misc/rotating_spell_turret": {
    "criteria": {
      "has_journal": "2024-07-17 01:30:41 +0000"
    },
    "done": true
  },
  "ars_nouveau:recipes/misc/manipulation_essence_to_granite": {
    "criteria": {
      "has_journal": "2024-07-17 01:30:41 +0000"
    },
    "done": true
  },
  "ars_caelum:recipes/misc/ritual_elder_summon": {
    "criteria": {
      "has_journal": "2024-07-17 01:30:41 +0000"
    },
    "done": true
  },
  "ars_nouveau:recipes/misc/smooth_gilded_sourcestone_alternating_to_sourcestone": {
    "criteria": {
      "has_journal": "2024-07-17 01:30:41 +0000"
    },
    "done": true
  },
  "ars_nouveau:recipes/misc/manipulation_essence_to_grass_block": {
    "criteria": {
      "has_journal": "2024-07-17 01:30:41 +0000"
    },
    "done": true
  },
  "ars_nouveau:recipes/misc/greater_experience_gem": {
    "criteria": {
      "has_journal": "2024-07-17 01:30:41 +0000"
    },
    "done": true
  },
  "ars_nouveau:recipes/misc/sourceberry_sack_to_bush": {
    "criteria": {
      "has_journal": "2024-07-17 01:30:41 +0000"
    },
    "done": true
  },
  "ars_caelum:recipes/misc/ritual_conjure_island_village": {
    "criteria": {
      "has_journal": "2024-07-17 01:30:41 +0000"
    },
    "done": true
  },
  "ars_nouveau:recipes/building_blocks/smooth_sourcestone_stone_cutterslab": {
    "criteria": {
      "has_journal": "2024-07-17 01:30:41 +0000"
    },
    "done": true
  },
  "ars_nouveau:recipes/building_blocks/gilded_sourcestone_small_bricks_slab": {
    "criteria": {
      "has_journal": "2024-07-17 01:30:41 +0000"
    },
    "done": true
  },
  "ars_nouveau:recipes/misc/archwood_stairs": {
    "criteria": {
      "has_journal": "2024-07-17 01:30:41 +0000"
    },
    "done": true
  },
  "ars_nouveau:recipes/misc/smooth_sourcestone_large_bricks_stairs": {
    "criteria": {
      "has_journal": "2024-07-17 01:30:41 +0000"
    },
    "done": true
  },
  "ars_nouveau:recipes/misc/smooth_gilded_sourcestone_basketweave_stairs": {
    "criteria": {
      "has_journal": "2024-07-17 01:30:41 +0000"
    },
    "done": true
  },
  "ars_nouveau:recipes/misc/enchanting_apparatus": {
    "criteria": {
      "has_journal": "2024-07-17 01:30:41 +0000"
    },
    "done": true
  },
  "ars_nouveau:recipes/building_blocks/smooth_sourcestone_alternating_slab": {
    "criteria": {
      "has_journal": "2024-07-17 01:30:41 +0000"
    },
    "done": true
  },
  "ars_nouveau:recipes/misc/orange_sbed": {
    "criteria": {
      "has_journal": "2024-07-17 01:30:41 +0000"
    },
    "done": true
  },
  "ars_nouveau:recipes/building_blocks/sourcestone_small_bricks_slab": {
    "criteria": {
      "has_journal": "2024-07-17 01:30:41 +0000"
    },
    "done": true
  },
  "ars_nouveau:recipes/misc/mycelial_sourcelink": {
    "criteria": {
      "has_journal": "2024-07-17 01:30:41 +0000"
    },
    "done": true
  },
  "ars_nouveau:recipes/misc/water_essence_to_bucket": {
    "criteria": {
      "has_journal": "2024-07-17 01:30:41 +0000"
    },
    "done": true
  },
  "ars_nouveau:recipes/decorations/sourcestone_6": {
    "criteria": {
      "has_journal": "2024-07-17 01:30:41 +0000"
    },
    "done": true
  },
  "ars_nouveau:recipes/decorations/sourcestone_5": {
    "criteria": {
      "has_journal": "2024-07-17 01:30:41 +0000"
    },
    "done": true
  },
  "ars_nouveau:recipes/decorations/sourcestone_8": {
    "criteria": {
      "has_journal": "2024-07-17 01:30:41 +0000"
    },
    "done": true
  },
  "ars_nouveau:recipes/decorations/sourcestone_7": {
    "criteria": {
      "has_journal": "2024-07-17 01:30:41 +0000"
    },
    "done": true
  },
  "ars_nouveau:recipes/decorations/sourcestone_9": {
    "criteria": {
      "has_journal": "2024-07-17 01:30:41 +0000"
    },
    "done": true
  },
  "ars_nouveau:recipes/decorations/sourcestone_2": {
    "criteria": {
      "has_journal": "2024-07-17 01:30:41 +0000"
    },
    "done": true
  },
  "ars_nouveau:recipes/decorations/sourcestone_1": {
    "criteria": {
      "has_journal": "2024-07-17 01:30:41 +0000"
    },
    "done": true
  },
  "ars_nouveau:recipes/decorations/sourcestone_4": {
    "criteria": {
      "has_journal": "2024-07-17 01:30:41 +0000"
    },
    "done": true
  },
  "ars_nouveau:recipes/decorations/sourcestone_3": {
    "criteria": {
      "has_journal": "2024-07-17 01:30:41 +0000"
    },
    "done": true
  },
  "ars_nouveau:recipes/misc/sourcestone_sconce": {
    "criteria": {
      "has_journal": "2024-07-17 01:30:41 +0000"
    },
    "done": true
  },
  "ars_nouveau:recipes/misc/ring_of_potential": {
    "criteria": {
      "has_journal": "2024-07-17 01:30:41 +0000"
    },
    "done": true
  },
  "ars_nouveau:recipes/misc/magebloom_fiber": {
    "criteria": {
      "has_journal": "2024-07-17 01:30:41 +0000"
    },
    "done": true
  },
  "ars_nouveau:recipes/misc/smooth_gilded_sourcestone_alternating_stairs": {
    "criteria": {
      "has_journal": "2024-07-17 01:30:41 +0000"
    },
    "done": true
  },
  "ars_elemental:recipes/misc/tablet_ritual_tesla_coil": {
    "criteria": {
      "has_journal": "2024-07-17 01:30:41 +0000"
    },
    "done": true
  },
  "ars_nouveau:recipes/misc/ritual_conjure_island_plains": {
    "criteria": {
      "has_journal": "2024-07-17 01:30:41 +0000"
    },
    "done": true
  },
  "ars_nouveau:recipes/misc/sourcestone_mosaic_to_sourcestone": {
    "criteria": {
      "has_journal": "2024-07-17 01:30:41 +0000"
    },
    "done": true
  },
  "ars_nouveau:recipes/misc/gilded_sourcestone_basketweave_stairs": {
    "criteria": {
      "has_journal": "2024-07-17 01:30:41 +0000"
    },
    "done": true
  },
  "ars_nouveau:recipes/misc/ritual_challenge": {
    "criteria": {
      "has_journal": "2024-07-17 01:30:41 +0000"
    },
    "done": true
  },
  "ars_nouveau:recipes/misc/gilded_sourcestone_alternating_to_sourcestone": {
    "criteria": {
      "has_journal": "2024-07-17 01:30:41 +0000"
    },
    "done": true
  },
  "ars_nouveau:recipes/misc/alteration_table": {
    "criteria": {
      "has_journal": "2024-07-17 01:30:41 +0000"
    },
    "done": true
  },
  "ars_nouveau:recipes/misc/experience_gem": {
    "criteria": {
      "has_journal": "2024-07-17 01:30:41 +0000"
    },
    "done": true
  },
  "ars_nouveau:recipes/misc/conjuration_essence_to_end_stone": {
    "criteria": {
      "has_journal": "2024-07-17 01:30:41 +0000"
    },
    "done": true
  },
  "ars_nouveau:recipes/misc/yellow_sbed": {
    "criteria": {
      "has_journal": "2024-07-17 01:30:41 +0000"
    },
    "done": true
  },
  "ars_elemental:recipes/misc/spore_blossom_up": {
    "criteria": {
      "has_journal": "2024-07-17 01:30:41 +0000"
    },
    "done": true
  },
  "ars_nouveau:recipes/misc/ritual_conjure_island_desert": {
    "criteria": {
      "has_journal": "2024-07-17 01:30:41 +0000"
    },
    "done": true
  },
  "ars_nouveau:recipes/misc/magebloom_block_to_magebloom": {
    "criteria": {
      "has_journal": "2024-07-17 01:30:41 +0000"
    },
    "done": true
  },
  "ars_nouveau:recipes/building_blocks/sourcestone_mosaic_slab": {
    "criteria": {
      "has_journal": "2024-07-17 01:30:41 +0000"
    },
    "done": true
  },
  "ars_nouveau:recipes/misc/sourcestone_large_bricks_stairs": {
    "criteria": {
      "has_journal": "2024-07-17 01:30:41 +0000"
    },
    "done": true
  },
  "ars_nouveau:recipes/misc/dull_trinket": {
    "criteria": {
      "has_journal": "2024-07-17 01:30:41 +0000"
    },
    "done": true
  },
  "ars_caelum:recipes/misc/ritual_conjure_island_geode": {
    "criteria": {
      "has_journal": "2024-07-17 01:30:41 +0000"
    },
    "done": true
  },
  "ars_nouveau:recipes/misc/spike_to_dye": {
    "criteria": {
      "has_journal": "2024-07-17 01:30:41 +0000"
    },
    "done": true
  },
  "ars_nouveau:recipes/misc/rotating_turret_to_basic_spell_turret": {
    "criteria": {
      "has_journal": "2024-07-17 01:30:41 +0000"
    },
    "done": true
  },
  "ars_nouveau:recipes/misc/ritual_moonfall": {
    "criteria": {
      "has_journal": "2024-07-17 01:30:41 +0000"
    },
    "done": true
  },
  "ars_nouveau:recipes/misc/polished_sconce": {
    "criteria": {
      "has_journal": "2024-07-17 01:30:41 +0000"
    },
    "done": true
  },
  "ars_nouveau:recipes/building_blocks/sourcestone_small_bricks_stonecutter_stair": {
    "criteria": {
      "has_journal": "2024-07-17 01:30:41 +0000"
    },
    "done": true
  },
  "ars_nouveau:recipes/misc/magelight_torch": {
    "criteria": {
      "has_journal": "2024-07-17 01:30:41 +0000"
    },
    "done": true
  },
  "ars_nouveau:recipes/misc/platform_to_pedestal": {
    "criteria": {
      "has_journal": "2024-07-17 01:30:41 +0000"
    },
    "done": true
  },
  "ars_nouveau:recipes/building_blocks/gilded_sourcestone_large_bricks_slab": {
    "criteria": {
      "has_journal": "2024-07-17 01:30:41 +0000"
    },
    "done": true
  },
  "ars_caelum:recipes/misc/ritual_mana_regeneration": {
    "criteria": {
      "has_journal": "2024-07-17 01:30:41 +0000"
    },
    "done": true
  },
  "ars_nouveau:recipes/building_blocks/smooth_gilded_sourcestone_small_bricks_stonecutter_stair": {
    "criteria": {
      "has_journal": "2024-07-17 01:30:41 +0000"
    },
    "done": true
  },
  "ars_nouveau:recipes/misc/imbuement_chamber": {
    "criteria": {
      "has_journal": "2024-07-17 01:30:41 +0000"
    },
    "done": true
  },
  "ars_elemental:recipes/misc/yellow_archwood": {
    "criteria": {
      "has_journal": "2024-07-17 01:30:41 +0000"
    },
    "done": true
  },
  "ars_nouveau:recipes/building_blocks/archwood_slab": {
    "criteria": {
      "has_journal": "2024-07-17 01:30:41 +0000"
    },
    "done": true
  },
  "ars_nouveau:recipes/misc/ritual_binding": {
    "criteria": {
      "has_journal": "2024-07-17 01:30:41 +0000"
    },
    "done": true
  },
  "ars_nouveau:root": {
    "criteria": {
      "ars_nouveau:worn_notebook": "2024-07-17 01:30:41 +0000"
    },
    "done": true
  },
  "ars_nouveau:recipes/misc/wing_to_leather": {
    "criteria": {
      "has_journal": "2024-07-17 01:30:41 +0000"
    },
    "done": true
  },
  "ars_nouveau:recipes/misc/runic_chalk": {
    "criteria": {
      "has_journal": "2024-07-17 01:30:41 +0000"
    },
    "done": true
  },
  "ars_nouveau:recipes/building_blocks/gilded_sourcestone_basketweave_stone_cutterslab": {
    "criteria": {
      "has_journal": "2024-07-17 01:30:41 +0000"
    },
    "done": true
  },
  "ars_nouveau:recipes/misc/blue_sbed": {
    "criteria": {
      "has_journal": "2024-07-17 01:30:41 +0000"
    },
    "done": true
  },
  "ars_nouveau:recipes/misc/ritual_restoration": {
    "criteria": {
      "has_journal": "2024-07-17 01:30:41 +0000"
    },
    "done": true
  },
  "ars_nouveau:recipes/misc/sourcestone": {
    "criteria": {
      "has_journal": "2024-07-17 01:30:41 +0000"
    },
    "done": true
  },
  "ars_nouveau:recipes/misc/smooth_sourcestone_to_sourcestone": {
    "criteria": {
      "has_journal": "2024-07-17 01:30:41 +0000"
    },
    "done": true
  },
  "ars_nouveau:recipes/decorations/sourcestone_19": {
    "criteria": {
      "has_journal": "2024-07-17 01:30:41 +0000"
    },
    "done": true
  },
  "ars_nouveau:recipes/decorations/sourcestone_18": {
    "criteria": {
      "has_journal": "2024-07-17 01:30:41 +0000"
    },
    "done": true
  },
  "ars_nouveau:recipes/decorations/sourcestone_11": {
    "criteria": {
      "has_journal": "2024-07-17 01:30:41 +0000"
    },
    "done": true
  },
  "ars_nouveau:recipes/decorations/sourcestone_10": {
    "criteria": {
      "has_journal": "2024-07-17 01:30:41 +0000"
    },
    "done": true
  },
  "ars_nouveau:recipes/decorations/sourcestone_13": {
    "criteria": {
      "has_journal": "2024-07-17 01:30:41 +0000"
    },
    "done": true
  },
  "ars_nouveau:recipes/decorations/sourcestone_12": {
    "criteria": {
      "has_journal": "2024-07-17 01:30:41 +0000"
    },
    "done": true
  },
  "ars_nouveau:recipes/decorations/sourcestone_15": {
    "criteria": {
      "has_journal": "2024-07-17 01:30:41 +0000"
    },
    "done": true
  },
  "ars_nouveau:recipes/decorations/sourcestone_14": {
    "criteria": {
      "has_journal": "2024-07-17 01:30:41 +0000"
    },
    "done": true
  },
  "ars_nouveau:recipes/decorations/sourcestone_17": {
    "criteria": {
      "has_journal": "2024-07-17 01:30:41 +0000"
    },
    "done": true
  },
  "ars_nouveau:recipes/decorations/sourcestone_16": {
    "criteria": {
      "has_journal": "2024-07-17 01:30:41 +0000"
    },
    "done": true
  },
  "ars_nouveau:recipes/misc/smooth_gilded_sourcestone_large_bricks_stairs": {
    "criteria": {
      "has_journal": "2024-07-17 01:30:41 +0000"
    },
    "done": true
  },
  "ars_nouveau:recipes/misc/ritual_sanctuary": {
    "criteria": {
      "has_journal": "2024-07-17 01:30:41 +0000"
    },
    "done": true
  },
  "ars_nouveau:recipes/building_blocks/archwood_button": {
    "criteria": {
      "has_journal": "2024-07-17 01:30:41 +0000"
    },
    "done": true
  },
  "ars_nouveau:recipes/misc/archwood_chest": {
    "criteria": {
      "has_journal": "2024-07-17 01:30:41 +0000"
    },
    "done": true
  },
  "ars_nouveau:recipes/building_blocks/smooth_sourcestone_stonecutter_stair": {
    "criteria": {
      "has_journal": "2024-07-17 01:30:41 +0000"
    },
    "done": true
  },
  "ars_nouveau:recipes/building_blocks/smooth_sourcestone_basketweave_stone_cutterslab": {
    "criteria": {
      "has_journal": "2024-07-17 01:30:41 +0000"
    },
    "done": true
  },
  "ars_nouveau:recipes/building_blocks/smooth_gilded_sourcestone_alternating_stone_cutterslab": {
    "criteria": {
      "has_journal": "2024-07-17 01:30:41 +0000"
    },
    "done": true
  },
  "ars_nouveau:recipes/decorations/sourcestone_20": {
    "criteria": {
      "has_journal": "2024-07-17 01:30:41 +0000"
    },
    "done": true
  },
  "ars_nouveau:recipes/misc/gilded_sourcestone_mosaic_to_sourcestone": {
    "criteria": {
      "has_journal": "2024-07-17 01:30:41 +0000"
    },
    "done": true
  },
  "ars_nouveau:recipes/decorations/sourcestone_21": {
    "criteria": {
      "has_journal": "2024-07-17 01:30:41 +0000"
    },
    "done": true
  },
  "ars_nouveau:recipes/misc/annotated_codex": {
    "criteria": {
      "has_journal": "2024-07-17 01:30:41 +0000"
    },
    "done": true
  },
  "ars_nouveau:recipes/misc/volcanic_sourcelink": {
    "criteria": {
      "has_journal": "2024-07-17 01:30:41 +0000"
    },
    "done": true
  },
  "ars_nouveau:recipes/misc/sourceberry_to_purple": {
    "criteria": {
      "has_journal": "2024-07-17 01:30:41 +0000"
    },
    "done": true
  },
  "ars_nouveau:recipes/building_blocks/gilded_sourcestone_alternating_stonecutter_stair": {
    "criteria": {
      "has_journal": "2024-07-17 01:30:41 +0000"
    },
    "done": true
  },
  "ars_nouveau:recipes/misc/source_gem_block_2": {
    "criteria": {
      "has_journal": "2024-07-17 01:30:41 +0000"
    },
    "done": true
  },
  "ars_nouveau:recipes/building_blocks/gilded_sourcestone_large_bricks_stone_cutterslab": {
    "criteria": {
      "has_journal": "2024-07-17 01:30:41 +0000"
    },
    "done": true
  },
  "ars_nouveau:recipes/misc/arcane_platform": {
    "criteria": {
      "has_journal": "2024-07-17 01:30:41 +0000"
    },
    "done": true
  },
  "ars_elemental:recipes/redstone/advanced_prism": {
    "criteria": {
      "has_journal": "2024-07-17 01:30:41 +0000"
    },
    "done": true
  },
  "ars_nouveau:recipes/building_blocks/archwood_door": {
    "criteria": {
      "has_journal": "2024-07-17 01:30:41 +0000"
    },
    "done": true
  },
  "ars_nouveau:recipes/misc/vitalic_sourcelink": {
    "criteria": {
      "has_journal": "2024-07-17 01:30:41 +0000"
    },
    "done": true
  },
  "ars_nouveau:recipes/misc/manipulation_essence_to_moss_block": {
    "criteria": {
      "has_journal": "2024-07-17 01:30:41 +0000"
    },
    "done": true
  },
  "ars_nouveau:recipes/misc/smooth_sourcestone_alternating_stairs": {
    "criteria": {
      "has_journal": "2024-07-17 01:30:41 +0000"
    },
    "done": true
  },
  "ars_nouveau:recipes/misc/sourcestone_alternating_stairs": {
    "criteria": {
      "has_journal": "2024-07-17 01:30:41 +0000"
    },
    "done": true
  },
  "ars_nouveau:recipes/misc/conjuration_essence_to_soul_sand": {
    "criteria": {
      "has_journal": "2024-07-17 01:30:41 +0000"
    },
    "done": true
  },
  "ars_nouveau:recipes/misc/manipulation_essence_to_deepslate": {
    "criteria": {
      "has_journal": "2024-07-17 01:30:41 +0000"
    },
    "done": true
  },
  "ars_nouveau:recipes/building_blocks/gilded_sourcestone_large_bricks_stonecutter_stair": {
    "criteria": {
      "has_journal": "2024-07-17 01:30:41 +0000"
    },
    "done": true
  },
  "ars_nouveau:recipes/misc/magebloom_block": {
    "criteria": {
      "has_journal": "2024-07-17 01:30:41 +0000"
    },
    "done": true
  },
  "ars_nouveau:recipes/misc/smooth_sourcestone_mosaic_to_sourcestone": {
    "criteria": {
      "has_journal": "2024-07-17 01:30:41 +0000"
    },
    "done": true
  },
  "ars_nouveau:recipes/misc/red_archwood_wood": {
    "criteria": {
      "has_journal": "2024-07-17 01:30:41 +0000"
    },
    "done": true
  },
  "ars_nouveau:recipes/building_blocks/smooth_gilded_sourcestone_mosaic_slab": {
    "criteria": {
      "has_journal": "2024-07-17 01:30:41 +0000"
    },
    "done": true
  },
  "ars_nouveau:recipes/misc/ritual_awakening": {
    "criteria": {
      "has_journal": "2024-07-17 01:30:41 +0000"
    },
    "done": true
  },
  "ars_caelum:recipes/misc/ritual_conjure_island_blazing": {
    "criteria": {
      "has_journal": "2024-07-17 01:30:41 +0000"
    },
    "done": true
  },
  "ars_nouveau:recipes/misc/mimic_scroll": {
    "criteria": {
      "has_journal": "2024-07-17 01:30:41 +0000"
    },
    "done": true
  },
  "ars_caelum:recipes/misc/ritual_conjure_island_vexing": {
    "criteria": {
      "has_journal": "2024-07-17 01:30:41 +0000"
    },
    "done": true
  },
  "ars_nouveau:recipes/misc/red_sbed": {
    "criteria": {
      "has_journal": "2024-07-17 01:30:41 +0000"
    },
    "done": true
  },
  "ars_nouveau:recipes/misc/redstone_relay": {
    "criteria": {
      "has_journal": "2024-07-17 01:30:41 +0000"
    },
    "done": true
  },
  "ars_nouveau:recipes/misc/source_jar": {
    "criteria": {
      "has_journal": "2024-07-17 01:30:41 +0000"
    },
    "done": true
  },
  "ars_nouveau:recipes/building_blocks/smooth_sourcestone_alternating_stonecutter_stair": {
    "criteria": {
      "has_journal": "2024-07-17 01:30:41 +0000"
    },
    "done": true
  },
  "ars_nouveau:recipes/misc/mundane_belt": {
    "criteria": {
      "has_journal": "2024-07-17 01:30:41 +0000"
    },
    "done": true
  },
  "ars_nouveau:recipes/building_blocks/smooth_gilded_sourcestone_small_bricks_stone_cutterslab": {
    "criteria": {
      "has_journal": "2024-07-17 01:30:41 +0000"
    },
    "done": true
  },
  "ars_nouveau:recipes/building_blocks/smooth_sourcestone_large_bricks_stone_cutterslab": {
    "criteria": {
      "has_journal": "2024-07-17 01:30:41 +0000"
    },
    "done": true
  },
  "ars_nouveau:recipes/misc/challenge_2": {
    "criteria": {
      "has_journal": "2024-07-17 01:30:41 +0000"
    },
    "done": true
  },
  "ars_nouveau:recipes/building_blocks/gilded_sourcestone_basketweave_slab": {
    "criteria": {
      "has_journal": "2024-07-17 01:30:41 +0000"
    },
    "done": true
  },
  "ars_nouveau:recipes/building_blocks/sourcestone_alternating_stone_cutterslab": {
    "criteria": {
      "has_journal": "2024-07-17 01:30:41 +0000"
    },
    "done": true
  },
  "ars_caelum:recipes/misc/ritual_sedimentation": {
    "criteria": {
      "has_journal": "2024-07-17 01:30:41 +0000"
    },
    "done": true
  },
  "ars_nouveau:recipes/misc/item_detector": {
    "criteria": {
      "has_journal": "2024-07-17 01:30:41 +0000"
    },
    "done": true
  },
  "ars_nouveau:recipes/misc/gilded_sourcestone_small_bricks_to_sourcestone": {
    "criteria": {
      "has_journal": "2024-07-17 01:30:41 +0000"
    },
    "done": true
  },
  "ars_nouveau:recipes/misc/ghostweave": {
    "criteria": {
      "has_journal": "2024-07-17 01:30:41 +0000"
    },
    "done": true
  },
  "ars_nouveau:recipes/misc/manipulation_essence_to_vexing_sapling": {
    "criteria": {
      "has_journal": "2024-07-17 01:30:41 +0000"
    },
    "done": true
  },
  "ars_nouveau:recipes/building_blocks/gilded_sourcestone_mosaic_slab": {
    "criteria": {
      "has_journal": "2024-07-17 01:30:41 +0000"
    },
    "done": true
  },
  "ars_nouveau:recipes/misc/sourcestone_large_bricks_to_sourcestone": {
    "criteria": {
      "has_journal": "2024-07-17 01:30:41 +0000"
    },
    "done": true
  },
  "ars_nouveau:recipes/misc/purple_sbed": {
    "criteria": {
      "has_journal": "2024-07-17 01:30:41 +0000"
    },
    "done": true
  },
  "ars_nouveau:recipes/building_blocks/smooth_gilded_sourcestone_large_bricks_slab": {
    "criteria": {
      "has_journal": "2024-07-17 01:30:41 +0000"
    },
    "done": true
  },
  "ars_nouveau:recipes/misc/smooth_sourcestone_basketweave_stairs": {
    "criteria": {
      "has_journal": "2024-07-17 01:30:41 +0000"
    },
    "done": true
  },
  "ars_nouveau:recipes/misc/sourceberry_sack": {
    "criteria": {
      "has_journal": "2024-07-17 01:30:41 +0000"
    },
    "done": true
  },
  "ars_nouveau:recipes/misc/manipulation_essence_to_blazin_sapling": {
    "criteria": {
      "has_journal": "2024-07-17 01:30:41 +0000"
    },
    "done": true
  },
  "ars_nouveau:recipes/building_blocks/gilded_sourcestone_mosaic_stone_cutterslab": {
    "criteria": {
      "has_journal": "2024-07-17 01:30:41 +0000"
    },
    "done": true
  },
  "ars_nouveau:recipes/building_blocks/gilded_sourcestone_small_bricks_stone_cutterslab": {
    "criteria": {
      "has_journal": "2024-07-17 01:30:41 +0000"
    },
    "done": true
  },
  "ars_nouveau:recipes/building_blocks/sourcestone_small_bricks_stone_cutterslab": {
    "criteria": {
      "has_journal": "2024-07-17 01:30:41 +0000"
    },
    "done": true
  },
  "ars_nouveau:recipes/misc/gilded_sourcestone_mosaic_stairs": {
    "criteria": {
      "has_journal": "2024-07-17 01:30:41 +0000"
    },
    "done": true
  },
  "ars_elemental:recipes/building_blocks/stripped_yellow_archwood": {
    "criteria": {
      "has_journal": "2024-07-17 01:30:41 +0000"
    },
    "done": true
  },
  "ars_nouveau:recipes/misc/gilded_sourcestone_small_bricks_stairs": {
    "criteria": {
      "has_journal": "2024-07-17 01:30:41 +0000"
    },
    "done": true
  },
  "ars_nouveau:recipes/misc/arcane_pedestal": {
    "criteria": {
      "has_journal": "2024-07-17 01:30:41 +0000"
    },
    "done": true
  },
  "ars_nouveau:recipes/misc/fire_essence_to_charge": {
    "criteria": {
      "has_journal": "2024-07-17 01:30:41 +0000"
    },
    "done": true
  },
  "ars_nouveau:recipes/building_blocks/gilded_sourcestone_mosaic_stonecutter_stair": {
    "criteria": {
      "has_journal": "2024-07-17 01:30:41 +0000"
    },
    "done": true
  },
  "ars_nouveau:recipes/misc/ritual_scrying": {
    "criteria": {
      "has_journal": "2024-07-17 01:30:41 +0000"
    },
    "done": true
  },
  "ars_nouveau:recipes/misc/smooth_gilded_sourcestone_large_bricks_to_sourcestone": {
    "criteria": {
      "has_journal": "2024-07-17 01:30:41 +0000"
    },
    "done": true
  },
  "ars_nouveau:recipes/misc/manipulation_essence_to_cascading_sapling": {
    "criteria": {
      "has_journal": "2024-07-17 01:30:41 +0000"
    },
    "done": true
  },
  "ars_nouveau:recipes/building_blocks/sourcestone_mosaic_stonecutter_stair": {
    "criteria": {
      "has_journal": "2024-07-17 01:30:41 +0000"
    },
    "done": true
  },
  "ars_nouveau:recipes/misc/clear_allow": {
    "criteria": {
      "has_journal": "2024-07-17 01:30:41 +0000"
    },
    "done": true
  },
  "ars_nouveau:recipes/building_blocks/smooth_gilded_sourcestone_small_bricks_slab": {
    "criteria": {
      "has_journal": "2024-07-17 01:30:41 +0000"
    },
    "done": true
  },
  "ars_elemental:recipes/misc/tablet_ritual_squirrels": {
    "criteria": {
      "has_journal": "2024-07-17 01:30:41 +0000"
    },
    "done": true
  },
  "ars_nouveau:recipes/misc/smooth_sourcestone_large_bricks_to_sourcestone": {
    "criteria": {
      "has_journal": "2024-07-17 01:30:41 +0000"
    },
    "done": true
  },
  "ars_nouveau:recipes/misc/water_essence_to_obsidian": {
    "criteria": {
      "has_journal": "2024-07-17 01:30:41 +0000"
    },
    "done": true
  },
  "ars_nouveau:recipes/misc/smooth_sourcestone_mosaic_stairs": {
    "criteria": {
      "has_journal": "2024-07-17 01:30:41 +0000"
    },
    "done": true
  },
  "ars_nouveau:recipes/building_blocks/stripped_purple_archwood_wood": {
    "criteria": {
      "has_journal": "2024-07-17 01:30:41 +0000"
    },
    "done": true
  },
  "ars_nouveau:recipes/misc/repository": {
    "criteria": {
      "has_journal": "2024-07-17 01:30:41 +0000"
    },
    "done": true
  },
  "ars_nouveau:recipes/misc/deny_scroll": {
    "criteria": {
      "has_journal": "2024-07-17 01:30:41 +0000"
    },
    "done": true
  },
  "ars_nouveau:recipes/misc/sourcestone_mosaic_stairs": {
    "criteria": {
      "has_journal": "2024-07-17 01:30:41 +0000"
    },
    "done": true
  },
  "ars_nouveau:recipes/misc/blue_archwood_wood": {
    "criteria": {
      "has_journal": "2024-07-17 01:30:41 +0000"
    },
    "done": true
  },
  "ars_nouveau:recipes/building_blocks/sourcestone_large_bricks_stone_cutterslab": {
    "criteria": {
      "has_journal": "2024-07-17 01:30:41 +0000"
    },
    "done": true
  },
  "ars_nouveau:recipes/misc/smooth_gilded_sourcestone_mosaic_stairs": {
    "criteria": {
      "has_journal": "2024-07-17 01:30:41 +0000"
    },
    "done": true
  },
  "ars_nouveau:recipes/misc/basic_spell_turret": {
    "criteria": {
      "has_journal": "2024-07-17 01:30:41 +0000"
    },
    "done": true
  },
  "ars_nouveau:recipes/misc/smooth_gilded_sourcestone_small_bricks_stairs": {
    "criteria": {
      "has_journal": "2024-07-17 01:30:41 +0000"
    },
    "done": true
  },
  "ars_elemental:recipes/misc/tablet_ritual_detection": {
    "criteria": {
      "has_journal": "2024-07-17 01:30:41 +0000"
    },
    "done": true
  },
  "minecraft:recipes/misc/pointed_dripstone": {
    "criteria": {
      "has_journal": "2024-07-17 01:30:41 +0000"
    },
    "done": true
  },
  "ars_nouveau:recipes/misc/ritual_harvest": {
    "criteria": {
      "has_journal": "2024-07-17 01:30:41 +0000"
    },
    "done": true
  },
  "ars_nouveau:recipes/building_blocks/smooth_sourcestone_small_bricks_slab": {
    "criteria": {
      "has_journal": "2024-07-17 01:30:41 +0000"
    },
    "done": true
  },
  "ars_nouveau:recipes/building_blocks/sourcestone_alternating_stonecutter_stair": {
    "criteria": {
      "has_journal": "2024-07-17 01:30:41 +0000"
    },
    "done": true
  },
  "ars_nouveau:recipes/misc/scryers_crystal": {
    "criteria": {
      "has_journal": "2024-07-17 01:30:41 +0000"
    },
    "done": true
  },
  "ars_nouveau:recipes/building_blocks/stripped_red_archwood_wood": {
    "criteria": {
      "has_journal": "2024-07-17 01:30:41 +0000"
    },
    "done": true
  },
  "ars_nouveau:recipes/misc/sourcestone_basketweave_stairs": {
    "criteria": {
      "has_journal": "2024-07-17 01:30:41 +0000"
    },
    "done": true
  },
  "ars_nouveau:recipes/misc/dowsing_rod": {
    "criteria": {
      "has_journal": "2024-07-17 01:30:41 +0000"
    },
    "done": true
  },
  "ars_nouveau:recipes/misc/smooth_sourcestone_small_bricks_to_sourcestone": {
    "criteria": {
      "has_journal": "2024-07-17 01:30:41 +0000"
    },
    "done": true
  },
  "ars_nouveau:recipes/building_blocks/stripped_blue_archwood_wood": {
    "criteria": {
      "has_journal": "2024-07-17 01:30:41 +0000"
    },
    "done": true
  },
  "ars_caelum:recipes/misc/ritual_conjure_island_sculk": {
    "criteria": {
      "has_journal": "2024-07-17 01:30:41 +0000"
    },
    "done": true
  },
  "ars_nouveau:recipes/misc/sky_block": {
    "criteria": {
      "has_journal": "2024-07-17 01:30:41 +0000"
    },
    "done": true
  },
  "ars_nouveau:recipes/misc/blank_thread": {
    "criteria": {
      "has_journal": "2024-07-17 01:30:41 +0000"
    },
    "done": true
  },
  "ars_nouveau:recipes/misc/archwood_sconce": {
    "criteria": {
      "has_journal": "2024-07-17 01:30:41 +0000"
    },
    "done": true
  },
  "ars_nouveau:recipes/building_blocks/smooth_sourcestone_small_bricks_stonecutter_stair": {
    "criteria": {
      "has_journal": "2024-07-17 01:30:41 +0000"
    },
    "done": true
  },
  "energymeter:recipes/energymeter/meter": {
    "criteria": {
      "has_item": "2024-07-17 01:30:41 +0000"
    },
    "done": true
  },
  "ars_nouveau:recipes/building_blocks/smooth_gilded_sourcestone_large_bricks_stone_cutterslab": {
    "criteria": {
      "has_journal": "2024-07-17 01:30:41 +0000"
    },
    "done": true
  },
  "ars_elemental:recipes/misc/tablet_ritual_attraction": {
    "criteria": {
      "has_journal": "2024-07-17 01:30:41 +0000"
    },
    "done": true
  },
  "ars_nouveau:recipes/building_blocks/smooth_gilded_sourcestone_alternating_stonecutter_stair": {
    "criteria": {
      "has_journal": "2024-07-17 01:30:41 +0000"
    },
    "done": true
  },
  "ars_nouveau:recipes/building_blocks/smooth_sourcestone_mosaic_stone_cutterslab": {
    "criteria": {
      "has_journal": "2024-07-17 01:30:41 +0000"
    },
    "done": true
  },
  "ars_nouveau:recipes/misc/sourcestone_small_bricks_stairs": {
    "criteria": {
      "has_journal": "2024-07-17 01:30:41 +0000"
    },
    "done": true
  },
  "ars_nouveau:recipes/misc/sourcestone_small_bricks_to_sourcestone": {
    "criteria": {
      "has_journal": "2024-07-17 01:30:41 +0000"
    },
    "done": true
  },
  "ars_nouveau:recipes/misc/smooth_sourcestone_small_bricks_stairs": {
    "criteria": {
      "has_journal": "2024-07-17 01:30:41 +0000"
    },
    "done": true
  },
  "ars_caelum:recipes/misc/ritual_conjure_island_cascading": {
    "criteria": {
      "has_journal": "2024-07-17 01:30:41 +0000"
    },
    "done": true
  },
  "ars_nouveau:recipes/misc/allow_scroll": {
    "criteria": {
      "has_journal": "2024-07-17 01:30:41 +0000"
    },
    "done": true
  },
  "ars_nouveau:recipes/misc/wilden_summon_alt": {
    "criteria": {
      "has_journal": "2024-07-17 01:30:41 +0000"
    },
    "done": true
  },
  "ars_nouveau:recipes/misc/sourcestone_alternating_to_sourcestone": {
    "criteria": {
      "has_journal": "2024-07-17 01:30:41 +0000"
    },
    "done": true
  },
  "ars_nouveau:recipes/building_blocks/sourcestone_alternating_slab": {
    "criteria": {
      "has_journal": "2024-07-17 01:30:41 +0000"
    },
    "done": true
  },
  "ars_caelum:recipes/misc/ritual_conjure_island_flourishing": {
    "criteria": {
      "has_journal": "2024-07-17 01:30:41 +0000"
    },
    "done": true
  },
  "ars_nouveau:recipes/misc/scry_to_blank_parchment": {
    "criteria": {
      "has_journal": "2024-07-17 01:30:41 +0000"
    },
    "done": true
  },
  "ars_nouveau:recipes/building_blocks/smooth_gilded_sourcestone_mosaic_stonecutter_stair": {
    "criteria": {
      "has_journal": "2024-07-17 01:30:41 +0000"
    },
    "done": true
  },
  "ars_nouveau:recipes/misc/ritual_wilden_summon": {
    "criteria": {
      "has_journal": "2024-07-17 01:30:41 +0000"
    },
    "done": true
  },
  "ars_nouveau:recipes/misc/mirrorweave": {
    "criteria": {
      "has_journal": "2024-07-17 01:30:41 +0000"
    },
    "done": true
  },
  "ars_nouveau:recipes/misc/magebloom_to_pink": {
    "criteria": {
      "has_journal": "2024-07-17 01:30:41 +0000"
    },
    "done": true
  },
  "ars_nouveau:recipes/building_blocks/smooth_sourcestone_alternating_stone_cutterslab": {
    "criteria": {
      "has_journal": "2024-07-17 01:30:41 +0000"
    },
    "done": true
  },
  "ars_elemental:recipes/misc/flight_alt": {
    "criteria": {
      "has_journal": "2024-07-17 01:30:41 +0000"
    },
    "done": true
  },
  "ars_nouveau:recipes/misc/agronomic_sourcelink": {
    "criteria": {
      "has_journal": "2024-07-17 01:30:41 +0000"
    },
    "done": true
  },
  "ars_nouveau:recipes/building_blocks/sourcestone_mosaic_stone_cutterslab": {
    "criteria": {
      "has_journal": "2024-07-17 01:30:41 +0000"
    },
    "done": true
  },
  "ars_nouveau:recipes/misc/smooth_gilded_sourcestone_mosaic_to_sourcestone": {
    "criteria": {
      "has_journal": "2024-07-17 01:30:41 +0000"
    },
    "done": true
  },
  "tombstone:adventure/root": {
    "criteria": {
      "auto": "2024-07-17 01:30:42 +0000"
    },
    "done": true
  },
  "minecraft:adventure/adventuring_time": {
    "criteria": {
      "minecraft:forest": "2024-07-17 01:40:41 +0000",
      "minecraft:plains": "2024-07-17 01:30:42 +0000"
    },
    "done": false
  },
  "exdeorum:recipes/misc/mechanical_hammer": {
    "criteria": {
      "has_item": "2024-07-17 14:41:00 +0000"
    },
    "done": true
  },
  "exmachinis:recipes/misc/flux_compactor": {
    "criteria": {
      "has_hopper": "2024-07-17 14:41:00 +0000"
    },
    "done": true
  },
  "exdeorum:recipes/misc/mechanical_sieve": {
    "criteria": {
      "has_item": "2024-07-17 14:41:00 +0000"
    },
    "done": true
  },
  "exmachinis:recipes/misc/item_buffer": {
    "criteria": {
      "has_hopper": "2024-07-17 14:41:00 +0000"
    },
    "done": true
  },
  "enderio:recipes/misc/basic_item_filter": {
    "criteria": {
      "has_ingredient": "2024-07-17 14:41:00 +0000"
    },
    "done": true
  },
  "rftoolsbase:recipes/rftoolsbase/filter_module": {
    "criteria": {
      "hopper": "2024-07-17 14:41:00 +0000"
    },
    "done": true
  },
  "sophisticatedstorage:recipes/misc/gold_barrel": {
    "criteria": {
      "has_iron_barrel": "2024-07-17 14:41:18 +0000"
    },
    "done": true
  },
  "exdeorum:core/barrel": {
    "criteria": {
      "has_barrel": "2024-07-17 14:45:52 +0000"
    },
    "done": true
  },
  "enderio:recipes/misc/stone_gear": {
    "criteria": {
      "has_ingredient": "2024-07-17 16:28:19 +0000"
    },
    "done": true
  },
  "minecraft:recipes/building_blocks/cobblestone_slab": {
    "criteria": {
      "has_cobblestone": "2024-07-17 16:28:19 +0000"
    },
    "done": true
  },
  "minecraft:recipes/decorations/cobblestone_wall_from_cobblestone_stonecutting": {
    "criteria": {
      "has_cobblestone": "2024-07-17 16:28:19 +0000"
    },
    "done": true
  },
  "minecraft:recipes/building_blocks/cobblestone_stairs": {
    "criteria": {
      "has_cobblestone": "2024-07-17 16:28:19 +0000"
    },
    "done": true
  },
  "minecraft:recipes/redstone/lever": {
    "criteria": {
      "has_cobblestone": "2024-07-17 16:28:19 +0000"
    },
    "done": true
  },
  "minecraft:recipes/combat/stone_sword": {
    "criteria": {
      "has_cobblestone": "2024-07-17 16:28:19 +0000"
    },
    "done": true
  },
  "minecraft:recipes/decorations/cobblestone_wall": {
    "criteria": {
      "has_cobblestone": "2024-07-17 16:28:19 +0000"
    },
    "done": true
  },
  "minecraft:recipes/tools/stone_axe": {
    "criteria": {
      "has_cobblestone": "2024-07-17 16:28:19 +0000"
    },
    "done": true
  },
  "exdeorum:recipes/tools/stone_hammer": {
    "criteria": {
      "has_item": "2024-07-17 16:28:19 +0000"
    },
    "done": true
  },
  "minecraft:story/mine_stone": {
    "criteria": {
      "get_stone": "2024-07-17 16:28:19 +0000"
    },
    "done": true
  },
  "minecraft:recipes/decorations/furnace": {
    "criteria": {
      "has_cobblestone": "2024-07-17 16:28:19 +0000"
    },
    "done": true
  },
  "minecraft:recipes/building_blocks/cobblestone_slab_from_cobblestone_stonecutting": {
    "criteria": {
      "has_cobblestone": "2024-07-17 16:28:19 +0000"
    },
    "done": true
  },
  "minecraft:recipes/building_blocks/stone": {
    "criteria": {
      "has_cobblestone": "2024-07-17 16:28:19 +0000"
    },
    "done": true
  },
  "silentgear:recipes/misc/stone_rod": {
    "criteria": {
      "has_item": "2024-07-17 16:28:19 +0000"
    },
    "done": true
  },
  "minecraft:recipes/tools/stone_pickaxe": {
    "criteria": {
      "has_cobblestone": "2024-07-17 16:28:19 +0000"
    },
    "done": true
  },
  "minecraft:recipes/tools/stone_shovel": {
    "criteria": {
      "has_cobblestone": "2024-07-17 16:28:19 +0000"
    },
    "done": true
  },
  "minecraft:recipes/building_blocks/cobblestone_stairs_from_cobblestone_stonecutting": {
    "criteria": {
      "has_cobblestone": "2024-07-17 16:28:19 +0000"
    },
    "done": true
  },
  "minecraft:recipes/tools/stone_hoe": {
    "criteria": {
      "has_cobblestone": "2024-07-17 16:28:19 +0000"
    },
    "done": true
  },
  "minecraft:recipes/decorations/yellow_bed_from_white_bed": {
    "criteria": {
      "has_bed": "2024-07-17 16:28:26 +0000"
    },
    "done": true
  },
  "minecraft:recipes/decorations/cyan_bed_from_white_bed": {
    "criteria": {
      "has_bed": "2024-07-17 16:28:26 +0000"
    },
    "done": true
  },
  "minecraft:recipes/decorations/magenta_bed_from_white_bed": {
    "criteria": {
      "has_bed": "2024-07-17 16:28:26 +0000"
    },
    "done": true
  },
  "minecraft:recipes/decorations/brown_bed_from_white_bed": {
    "criteria": {
      "has_bed": "2024-07-17 16:28:26 +0000"
    },
    "done": true
  },
  "minecraft:recipes/decorations/black_bed_from_white_bed": {
    "criteria": {
      "has_bed": "2024-07-17 16:28:26 +0000"
    },
    "done": true
  },
  "minecraft:recipes/decorations/light_gray_bed_from_white_bed": {
    "criteria": {
      "has_bed": "2024-07-17 16:28:26 +0000"
    },
    "done": true
  },
  "minecraft:recipes/decorations/orange_bed_from_white_bed": {
    "criteria": {
      "has_bed": "2024-07-17 16:28:26 +0000"
    },
    "done": true
  },
  "minecraft:recipes/decorations/lime_bed_from_white_bed": {
    "criteria": {
      "has_bed": "2024-07-17 16:28:26 +0000"
    },
    "done": true
  },
  "minecraft:recipes/decorations/pink_bed_from_white_bed": {
    "criteria": {
      "has_bed": "2024-07-17 16:28:26 +0000"
    },
    "done": true
  },
  "minecraft:recipes/decorations/red_bed_from_white_bed": {
    "criteria": {
      "has_bed": "2024-07-17 16:28:26 +0000"
    },
    "done": true
  },
  "minecraft:recipes/decorations/light_blue_bed_from_white_bed": {
    "criteria": {
      "has_bed": "2024-07-17 16:28:26 +0000"
    },
    "done": true
  },
  "minecraft:recipes/decorations/blue_bed_from_white_bed": {
    "criteria": {
      "has_bed": "2024-07-17 16:28:26 +0000"
    },
    "done": true
  },
  "minecraft:recipes/decorations/gray_bed_from_white_bed": {
    "criteria": {
      "has_bed": "2024-07-17 16:28:26 +0000"
    },
    "done": true
  },
  "minecraft:recipes/decorations/purple_bed_from_white_bed": {
    "criteria": {
      "has_bed": "2024-07-17 16:28:26 +0000"
    },
    "done": true
  },
  "minecraft:recipes/decorations/green_bed_from_white_bed": {
    "criteria": {
      "has_bed": "2024-07-17 16:28:26 +0000"
    },
    "done": true
  },
  "minecraft:recipes/decorations/composter": {
    "criteria": {
      "has_wood_slab": "2024-07-17 16:29:07 +0000"
    },
    "done": true
  },
  "exdeorum:recipes/misc/oak_crucible": {
    "criteria": {
      "has_item": "2024-07-17 16:29:07 +0000"
    },
    "done": true
  },
  "exdeorum:recipes/misc/oak_barrel": {
    "criteria": {
      "has_item": "2024-07-17 16:29:07 +0000"
    },
    "done": true
  },
  "minecraft:recipes/decorations/barrel": {
    "criteria": {
      "has_wood_slab": "2024-07-17 16:29:07 +0000"
    },
    "done": true
  },
  "minecraft:story/lava_bucket": {
    "criteria": {
      "lava_bucket": "2024-07-17 16:31:01 +0000"
    },
    "done": true
  },
  "cobblefordays:recipes/misc/tier_3": {
    "criteria": {
      "has_lava": "2024-07-17 16:31:01 +0000"
    },
    "done": true
  },
  "cobblefordays:recipes/misc/tier_4": {
    "criteria": {
      "has_lava": "2024-07-17 16:31:01 +0000"
    },
    "done": true
  },
  "cobblefordays:recipes/misc/tier_5": {
    "criteria": {
      "has_lava": "2024-07-17 16:31:01 +0000"
    },
    "done": true
  },
  "cobblefordays:recipes/misc/tier_1": {
    "criteria": {
      "has_lava": "2024-07-17 16:31:01 +0000"
    },
    "done": true
  },
  "cobblefordays:recipes/misc/tier_2": {
    "criteria": {
      "has_lava": "2024-07-17 16:31:01 +0000"
    },
    "done": true
  },
  "minecraft:recipes/brewing/cauldron": {
    "criteria": {
      "has_water_bucket": "2024-07-17 16:31:13 +0000"
    },
    "done": true
  },
  "minecraft:recipes/decorations/chest": {
    "criteria": {
      "has_lots_of_items": "2024-07-17 16:31:20 +0000"
    },
    "done": true
  },
  "minecraft:recipes/transportation/cherry_boat": {
    "criteria": {
      "in_water": "2024-07-17 16:31:49 +0000"
    },
    "done": true
  },
  "minecraft:recipes/transportation/acacia_boat": {
    "criteria": {
      "in_water": "2024-07-17 16:31:49 +0000"
    },
    "done": true
  },
  "minecraft:recipes/transportation/jungle_boat": {
    "criteria": {
      "in_water": "2024-07-17 16:31:49 +0000"
    },
    "done": true
  },
  "minecraft:recipes/transportation/spruce_boat": {
    "criteria": {
      "in_water": "2024-07-17 16:31:49 +0000"
    },
    "done": true
  },
  "minecraft:recipes/transportation/mangrove_boat": {
    "criteria": {
      "in_water": "2024-07-17 16:31:49 +0000"
    },
    "done": true
  },
  "minecraft:recipes/transportation/dark_oak_boat": {
    "criteria": {
      "in_water": "2024-07-17 16:31:49 +0000"
    },
    "done": true
  },
  "minecraft:recipes/transportation/bamboo_raft": {
    "criteria": {
      "in_water": "2024-07-17 16:31:49 +0000"
    },
    "done": true
  },
  "minecraft:recipes/transportation/birch_boat": {
    "criteria": {
      "in_water": "2024-07-17 16:31:49 +0000"
    },
    "done": true
  },
  "minecraft:recipes/transportation/oak_boat": {
    "criteria": {
      "in_water": "2024-07-17 16:31:49 +0000"
    },
    "done": true
  },
  "botania:recipes/redstone/red_string_container": {
    "criteria": {
      "has_base_block": "2024-07-17 16:31:58 +0000"
    },
    "done": true
  },
  "sophisticatedstorage:recipes/misc/oak_chest_from_vanilla_chest": {
    "criteria": {
      "has_vanilla_chest": "2024-07-17 16:31:58 +0000"
    },
    "done": true
  },
  "minecraft:recipes/building_blocks/light_blue_stained_glass": {
    "criteria": {
      "has_glass": "2024-07-17 16:32:59 +0000"
    },
    "done": true
  },
  "minecraft:recipes/building_blocks/orange_stained_glass": {
    "criteria": {
      "has_glass": "2024-07-17 16:32:59 +0000"
    },
    "done": true
  },
  "rftoolsbuilder:recipes/rftoolsbuilder/green_shield_template_block": {
    "criteria": {
      "glass": "2024-07-17 16:32:59 +0000"
    },
    "done": true
  },
  "create:recipes/building_blocks/horizontal_framed_glass_from_glass_colorless_stonecutting": {
    "criteria": {
      "has_glass_colorless": "2024-07-17 16:32:59 +0000"
    },
    "done": true
  },
  "minecraft:recipes/building_blocks/red_stained_glass": {
    "criteria": {
      "has_glass": "2024-07-17 16:32:59 +0000"
    },
    "done": true
  },
  "minecraft:recipes/building_blocks/light_gray_stained_glass": {
    "criteria": {
      "has_glass": "2024-07-17 16:32:59 +0000"
    },
    "done": true
  },
  "create:recipes/building_blocks/framed_glass_from_glass_colorless_stonecutting": {
    "criteria": {
      "has_glass_colorless": "2024-07-17 16:32:59 +0000"
    },
    "done": true
  },
  "rftoolsbuilder:recipes/rftoolsbuilder/blue_shield_template_block": {
    "criteria": {
      "glass": "2024-07-17 16:32:59 +0000"
    },
    "done": true
  },
  "create:recipes/building_blocks/vertical_framed_glass_from_glass_colorless_stonecutting": {
    "criteria": {
      "has_glass_colorless": "2024-07-17 16:32:59 +0000"
    },
    "done": true
  },
  "minecraft:recipes/building_blocks/green_stained_glass": {
    "criteria": {
      "has_glass": "2024-07-17 16:32:59 +0000"
    },
    "done": true
  },
  "minecraft:recipes/building_blocks/blue_stained_glass": {
    "criteria": {
      "has_glass": "2024-07-17 16:32:59 +0000"
    },
    "done": true
  },
  "minecraft:recipes/building_blocks/lime_stained_glass": {
    "criteria": {
      "has_glass": "2024-07-17 16:32:59 +0000"
    },
    "done": true
  },
  "minecraft:recipes/building_blocks/white_stained_glass": {
    "criteria": {
      "has_glass": "2024-07-17 16:32:59 +0000"
    },
    "done": true
  },
  "minecraft:recipes/brewing/glass_bottle": {
    "criteria": {
      "has_glass": "2024-07-17 16:32:59 +0000"
    },
    "done": true
  },
  "rftoolsbuilder:recipes/rftoolsbuilder/yellow_shield_template_block": {
    "criteria": {
      "glass": "2024-07-17 16:32:59 +0000"
    },
    "done": true
  },
  "minecraft:recipes/building_blocks/purple_stained_glass": {
    "criteria": {
      "has_glass": "2024-07-17 16:32:59 +0000"
    },
    "done": true
  },
  "minecraft:recipes/building_blocks/pink_stained_glass": {
    "criteria": {
      "has_glass": "2024-07-17 16:32:59 +0000"
    },
    "done": true
  },
  "minecraft:recipes/building_blocks/black_stained_glass": {
    "criteria": {
      "has_glass": "2024-07-17 16:32:59 +0000"
    },
    "done": true
  },
  "minecraft:recipes/building_blocks/gray_stained_glass": {
    "criteria": {
      "has_glass": "2024-07-17 16:32:59 +0000"
    },
    "done": true
  },
  "minecraft:recipes/building_blocks/cyan_stained_glass": {
    "criteria": {
      "has_glass": "2024-07-17 16:32:59 +0000"
    },
    "done": true
  },
  "rftoolsbuilder:recipes/rftoolsbuilder/red_shield_template_block": {
    "criteria": {
      "glass": "2024-07-17 16:32:59 +0000"
    },
    "done": true
  },
  "minecraft:recipes/building_blocks/brown_stained_glass": {
    "criteria": {
      "has_glass": "2024-07-17 16:32:59 +0000"
    },
    "done": true
  },
  "rftoolsbuilder:recipes/rftoolsbuilder/space_chamber_card": {
    "criteria": {
      "glass": "2024-07-17 16:32:59 +0000"
    },
    "done": true
  },
  "minecraft:recipes/decorations/glass_pane": {
    "criteria": {
      "has_glass": "2024-07-17 16:32:59 +0000"
    },
    "done": true
  },
  "minecraft:recipes/building_blocks/magenta_stained_glass": {
    "criteria": {
      "has_glass": "2024-07-17 16:32:59 +0000"
    },
    "done": true
  },
  "minecraft:recipes/building_blocks/yellow_stained_glass": {
    "criteria": {
      "has_glass": "2024-07-17 16:32:59 +0000"
    },
    "done": true
  },
  "create:recipes/building_blocks/tiled_glass_from_glass_colorless_stonecutting": {
    "criteria": {
      "has_glass_colorless": "2024-07-17 16:32:59 +0000"
    },
    "done": true
  },
  "minecraft:recipes/food/beetroot_soup": {
    "criteria": {
      "has_beetroot": "2024-07-17 16:50:56 +0000"
    },
    "done": true
  },
  "minecraft:recipes/misc/red_dye_from_beetroot": {
    "criteria": {
      "has_beetroot": "2024-07-17 16:50:56 +0000"
    },
    "done": true
  },
  "minecraft:recipes/transportation/carrot_on_a_stick": {
    "criteria": {
      "has_carrot": "2024-07-17 16:50:56 +0000"
    },
    "done": true
  },
  "minecraft:recipes/food/baked_potato_from_campfire_cooking": {
    "criteria": {
      "has_potato": "2024-07-17 16:51:03 +0000"
    },
    "done": true
  },
  "minecraft:recipes/food/baked_potato_from_smoking": {
    "criteria": {
      "has_potato": "2024-07-17 16:51:03 +0000"
    },
    "done": true
  },
  "minecraft:recipes/food/baked_potato": {
    "criteria": {
      "has_potato": "2024-07-17 16:51:03 +0000"
    },
    "done": true
  },
  "minecraft:husbandry/balanced_diet": {
    "criteria": {
      "beetroot": "2024-07-17 16:52:14 +0000"
    },
    "done": false
  },
  "minecraft:husbandry/root": {
    "criteria": {
      "consumed_item": "2024-07-17 16:52:14 +0000"
    },
    "done": true
  },
  "minecraft:husbandry/plant_seed": {
    "criteria": {
      "beetroots": "2024-07-17 16:52:29 +0000"
    },
    "done": true
  },
  "minecraft:recipes/building_blocks/melon": {
    "criteria": {
      "has_melon": "2024-07-17 16:52:58 +0000"
    },
    "done": true
  },
  "minecraft:recipes/brewing/glistering_melon_slice": {
    "criteria": {
      "has_melon": "2024-07-17 16:52:58 +0000"
    },
    "done": true
  },
  "minecraft:recipes/misc/melon_seeds": {
    "criteria": {
      "has_melon": "2024-07-17 16:52:58 +0000"
    },
    "done": true
  },
  "minecraft:recipes/misc/paper": {
    "criteria": {
      "has_reeds": "2024-07-17 16:54:53 +0000"
    },
    "done": true
  },
  "minecraft:recipes/misc/sugar_from_sugar_cane": {
    "criteria": {
      "has_sugar_cane": "2024-07-17 16:54:53 +0000"
    },
    "done": true
  },
  "botania:recipes/tools/lexicon": {
    "criteria": {
      "has_item": "2024-07-17 17:03:36 +0000"
    },
    "done": true
  },
  "exmachinis:flux_sieve": {
    "criteria": {
      "has_flux_sieve": "2024-07-17 17:31:44 +0000"
    },
    "done": true
  },
  "exmachinis:flux_hammer": {
    "criteria": {
      "has_flux_hammer": "2024-07-17 17:31:48 +0000"
    },
    "done": true
  },
  "mekanismgenerators:wind_generator": {
    "criteria": {
      "wind_generator": "2024-07-17 17:34:34 +0000"
    },
    "done": true
  },
  "exmachinis:recipes/misc/flux_sieve": {
    "criteria": {
      "has_sieve": "2024-07-17 17:36:29 +0000"
    },
    "done": true
  },
  "minecraft:recipes/decorations/campfire": {
    "criteria": {
      "has_coal": "2024-07-19 16:52:21 +0000"
    },
    "done": true
  },
  "silentgear:recipes/misc/stone_torch": {
    "criteria": {
      "has_item": "2024-07-19 16:52:21 +0000"
    },
    "done": true
  },
  "minecraft:recipes/building_blocks/coal_block": {
    "criteria": {
      "has_coal": "2024-07-19 16:52:21 +0000"
    },
    "done": true
  },
  "minecraft:recipes/skyblock/deepslate_coal_ore": {
    "criteria": {
      "has_coal": "2024-07-19 16:52:21 +0000"
    },
    "done": true
  },
  "minecraft:recipes/skyblock/coal_ore": {
    "criteria": {
      "has_coal": "2024-07-19 16:52:21 +0000"
    },
    "done": true
  },
  "exdeorum:recipes/misc/iron_mesh": {
    "criteria": {
      "has_item": "2024-07-19 17:10:57 +0000"
    },
    "done": true
  },
  "mythicbotany:recipes/misc/rune_holder": {
    "criteria": {
      "criterion0": "2024-07-19 17:10:57 +0000"
    },
    "done": true
  },
  "minecraft:recipes/combat/iron_helmet": {
    "criteria": {
      "has_iron_ingot": "2024-07-19 17:10:57 +0000"
    },
    "done": true
  },
  "create:recipes/misc/crafting/materials/andesite_alloy": {
    "criteria": {
      "has_item": "2024-07-19 17:10:57 +0000"
    },
    "done": true
  },
  "mekanism:hydrogen_powered_flight": {
    "criteria": {
      "jetpack": "2024-07-19 17:11:47 +0000"
    },
    "done": true
  },
  "minecraft:recipes/redstone/hopper": {
    "criteria": {
      "has_iron_ingot": "2024-07-19 17:10:57 +0000"
    },
    "done": true
  },
  "rftoolsutility:recipes/rftoolsutility/text_module": {
    "criteria": {
      "ingot": "2024-07-19 17:10:57 +0000"
    },
    "done": true
  },
  "minecraft:recipes/combat/iron_boots": {
    "criteria": {
      "has_iron_ingot": "2024-07-19 17:10:57 +0000"
    },
    "done": true
  },
  "minecraft:recipes/redstone/iron_trapdoor": {
    "criteria": {
      "has_iron_ingot": "2024-07-19 17:10:57 +0000"
    },
    "done": true
  },
  "rftoolsbuilder:recipes/rftoolsbuilder/shape_card_def": {
    "criteria": {
      "iron_ingot": "2024-07-19 17:10:57 +0000"
    },
    "done": true
  },
  "rftoolsutility:recipes/rftoolsutility/button_module": {
    "criteria": {
      "ingot": "2024-07-19 17:10:57 +0000"
    },
    "done": true
  },
  "minecraft:recipes/combat/iron_chestplate": {
    "criteria": {
      "has_iron_ingot": "2024-07-19 17:10:57 +0000"
    },
    "done": true
  },
  "minecraft:recipes/misc/iron_nugget": {
    "criteria": {
      "has_iron_ingot": "2024-07-19 17:10:57 +0000"
    },
    "done": true
  },
  "minecraft:recipes/misc/bucket": {
    "criteria": {
      "has_iron_ingot": "2024-07-19 17:10:57 +0000"
    },
    "done": true
  },
  "sophisticatedstorage:recipes/misc/upgrade_base": {
    "criteria": {
      "has_iron_ingot": "2024-07-19 17:10:57 +0000"
    },
    "done": true
  },
  "exmachinis:root": {
    "criteria": {
      "item": "2024-07-19 17:10:57 +0000"
    },
    "done": true
  },
  "minecraft:story/smelt_iron": {
    "criteria": {
      "iron": "2024-07-19 17:10:57 +0000"
    },
    "done": true
  },
  "create:recipes/misc/crafting/kinetics/empty_blaze_burner": {
    "criteria": {
      "has_item": "2024-07-19 17:10:57 +0000"
    },
    "done": true
  },
  "minecraft:recipes/combat/iron_sword": {
    "criteria": {
      "has_iron_ingot": "2024-07-19 17:10:57 +0000"
    },
    "done": true
  },
  "rftoolsutility:recipes/rftoolsutility/fluid_module": {
    "criteria": {
      "ingot": "2024-07-19 17:10:57 +0000"
    },
    "done": true
  },
  "minecraft:recipes/tools/iron_pickaxe": {
    "criteria": {
      "has_iron_ingot": "2024-07-19 17:10:57 +0000"
    },
    "done": true
  },
  "minecraft:recipes/combat/shield": {
    "criteria": {
      "has_iron_ingot": "2024-07-19 17:10:57 +0000"
    },
    "done": true
  },
  "minecraft:recipes/decorations/iron_bars": {
    "criteria": {
      "has_iron_ingot": "2024-07-19 17:10:57 +0000"
    },
    "done": true
  },
  "rftoolsutility:recipes/rftoolsutility/inventoryplus_module": {
    "criteria": {
      "ingot": "2024-07-19 17:10:57 +0000"
    },
    "done": true
  },
  "minecraft:recipes/tools/iron_axe": {
    "criteria": {
      "has_iron_ingot": "2024-07-19 17:10:57 +0000"
    },
    "done": true
  },
  "exdeorum:recipes/tools/iron_hammer": {
    "criteria": {
      "has_item": "2024-07-19 17:10:57 +0000"
    },
    "done": true
  },
  "create:recipes/building_blocks/industrial_iron_block_from_ingots_iron_stonecutting": {
    "criteria": {
      "has_ingots_iron": "2024-07-19 17:10:57 +0000"
    },
    "done": true
  },
  "minecraft:recipes/redstone/iron_door": {
    "criteria": {
      "has_iron_ingot": "2024-07-19 17:10:57 +0000"
    },
    "done": true
  },
  "rftoolsbase:recipes/rftoolsbase/smartwrench": {
    "criteria": {
      "iron": "2024-07-19 17:10:57 +0000"
    },
    "done": true
  },
  "rftoolsutility:recipes/rftoolsutility/machineinformation_module": {
    "criteria": {
      "ingot": "2024-07-19 17:10:57 +0000"
    },
    "done": true
  },
  "minecraft:recipes/tools/shears": {
    "criteria": {
      "has_iron_ingot": "2024-07-19 17:10:57 +0000"
    },
    "done": true
  },
  "rftoolsutility:recipes/rftoolsutility/fluidplus_module": {
    "criteria": {
      "ingot": "2024-07-19 17:10:57 +0000"
    },
    "done": true
  },
  "rftoolsutility:recipes/rftoolsutility/clock_module": {
    "criteria": {
      "ingot": "2024-07-19 17:10:57 +0000"
    },
    "done": true
  },
  "minecraft:recipes/building_blocks/iron_block": {
    "criteria": {
      "has_iron_ingot": "2024-07-19 17:10:57 +0000"
    },
    "done": true
  },
  "enderio:recipes/misc/fluid_tank": {
    "criteria": {
      "has_ingredient": "2024-07-19 17:10:57 +0000"
    },
    "done": true
  },
  "rftoolsstorage:recipes/rftoolsstorage/storage_control_module": {
    "criteria": {
      "ingot": "2024-07-19 17:10:57 +0000"
    },
    "done": true
  },
  "rftoolsutility:recipes/rftoolsutility/inventory_module": {
    "criteria": {
      "ingot": "2024-07-19 17:10:57 +0000"
    },
    "done": true
  },
  "exdeorum:recipes/misc/iron_mesh_from_flint_mesh": {
    "criteria": {
      "has_item": "2024-07-19 17:10:57 +0000"
    },
    "done": true
  },
  "silentgear:recipes/misc/sturdy_repair_kit": {
    "criteria": {
      "has_item": "2024-07-19 17:10:57 +0000"
    },
    "done": true
  },
  "minecraft:recipes/decorations/lantern": {
    "criteria": {
      "has_iron_ingot": "2024-07-19 17:10:57 +0000"
    },
    "done": true
  },
  "minecraft:recipes/tools/iron_shovel": {
    "criteria": {
      "has_iron_ingot": "2024-07-19 17:10:57 +0000"
    },
    "done": true
  },
  "minecraft:recipes/skyblock/deepslate_iron_ore": {
    "criteria": {
      "has_iron_ingot": "2024-07-19 17:10:57 +0000"
    },
    "done": true
  },
  "minecraft:recipes/skyblock/iron_ore": {
    "criteria": {
      "has_iron_ingot": "2024-07-19 17:10:57 +0000"
    },
    "done": true
  },
  "minecraft:recipes/combat/crossbow": {
    "criteria": {
      "has_iron_ingot": "2024-07-19 17:10:57 +0000"
    },
    "done": true
  },
  "silentgear:recipes/misc/iron_rod": {
    "criteria": {
      "has_item": "2024-07-19 17:10:57 +0000"
    },
    "done": true
  },
  "minecraft:recipes/redstone/heavy_weighted_pressure_plate": {
    "criteria": {
      "has_iron_ingot": "2024-07-19 17:10:57 +0000"
    },
    "done": true
  },
  "minecraft:recipes/combat/iron_leggings": {
    "criteria": {
      "has_iron_ingot": "2024-07-19 17:10:57 +0000"
    },
    "done": true
  },
  "rftoolsutility:recipes/rftoolsutility/energy_module": {
    "criteria": {
      "ingot": "2024-07-19 17:10:57 +0000"
    },
    "done": true
  },
  "minecraft:recipes/transportation/minecart": {
    "criteria": {
      "has_iron_ingot": "2024-07-19 17:10:57 +0000"
    },
    "done": true
  },
  "minecraft:recipes/tools/iron_hoe": {
    "criteria": {
      "has_iron_ingot": "2024-07-19 17:10:57 +0000"
    },
    "done": true
  },
  "rftoolsutility:recipes/rftoolsutility/redstone_module": {
    "criteria": {
      "ingot": "2024-07-19 17:10:57 +0000"
    },
    "done": true
  },
  "minecraft:recipes/decorations/chain": {
    "criteria": {
      "has_iron_ingot": "2024-07-19 17:10:57 +0000"
    },
    "done": true
  },
  "minecraft:recipes/decorations/smithing_table": {
    "criteria": {
      "has_iron_ingot": "2024-07-19 17:10:57 +0000"
    },
    "done": true
  },
  "rftoolsstorage:recipes/rftoolsstorage/dump_module": {
    "criteria": {
      "ingot": "2024-07-19 17:10:57 +0000"
    },
    "done": true
  },
  "rftoolsutility:recipes/rftoolsutility/counter_module": {
    "criteria": {
      "ingot": "2024-07-19 17:10:57 +0000"
    },
    "done": true
  },
  "rftoolsutility:recipes/rftoolsutility/energyplus_module": {
    "criteria": {
      "ingot": "2024-07-19 17:10:57 +0000"
    },
    "done": true
  },
  "enderio:recipes/misc/pressurized_fluid_tank": {
    "criteria": {
      "has_ingredient": "2024-07-19 17:10:57 +0000"
    },
    "done": true
  },
  "rftoolsutility:recipes/rftoolsutility/counterplus_module": {
    "criteria": {
      "ingot": "2024-07-19 17:10:57 +0000"
    },
    "done": true
  },
  "DataVersion": 3465
}