{
    "type": "minecraft:crafting_shapeless",
    "ingredients": [
        {
            "item": "minecraft:quartz_pillar"
        },
        {
            "item": "minecraft:crying_obsidian"
        },
        {
            "item": "minecraft:nether_gold_ore"
        },
        {
            "item": "minecraft:crying_obsidian"
        },
        {
            "item": "minecraft:dragon_breath"
        },
        {
            "item": "minecraft:gilded_blackstone"
        },
        {
            "item": "minecraft:nether_gold_ore"
        },
        {
            "item": "minecraft:gilded_blackstone"
        },
        {
            "item": "minecraft:quartz_pillar"
        }
    ],
    "result": {
        "item": "minecraft:ancient_debris",
        "count": 2
    }
}