{
    "type": "minecraft:crafting_shapeless",
    "ingredients": [
        {
            "item": "minecraft:basalt"
        },
        {
            "item": "minecraft:obsidian"
        },
        {
            "item": "minecraft:basalt"
        },
        {
            "item": "minecraft:obsidian"
        },
        {
            "item": "minecraft:ghast_tear"
        },
        {
            "item": "minecraft:obsidian"
        },
        {
            "item": "minecraft:basalt"
        },
        {
            "item": "minecraft:obsidian"
        },
        {
            "item": "minecraft:basalt"
        }
    ],
    "result": {
        "item": "minecraft:blackstone",
        "count": 4
    }
}