{
    "type": "minecraft:crafting_shapeless",
    "ingredients": [
        {
            "item": "minecraft:amethyst_block"
        },
        {
            "item": "minecraft:quartz_block"
        },
        {
            "item": "minecraft:amethyst_block"
        },
        {
            "item": "minecraft:quartz_block"
        },
        {
            "item": "minecraft:tuff"
        },
        {
            "item": "minecraft:quartz_block"
        },
        {
            "item": "minecraft:amethyst_block"
        },
        {
            "item": "minecraft:quartz_block"
        },
        {
            "item": "minecraft:amethyst_block"
        }
    ],
    "result": {
        "item": "minecraft:calcite",
        "count": 4
    }
}