{
    "type": "minecraft:crafting_shapeless",
    "ingredients": [
        {
            "item": "minecraft:stone"
        },
        {
            "item": "minecraft:tuff"
        },
        {
            "item": "minecraft:stone"
        },
        {
            "item": "minecraft:tuff"
        },
        {
            "item": "minecraft:basalt"
        },
        {
            "item": "minecraft:tuff"
        },
        {
            "item": "minecraft:stone"
        },
        {
            "item": "minecraft:tuff"
        },
        {
            "item": "minecraft:stone"
        }
    ],
    "result": {
        "item": "minecraft:deepslate",
        "count": 4
    }
}