{
    "type": "minecraft:crafting_shapeless",
    "ingredients": [
        {
            "item": "minecraft:deepslate_brick_stairs"
        },
        {
            "item": "minecraft:copper_ingot"
        },
        {
            "item": "minecraft:deepslate_brick_stairs"
        },
        {
            "item": "minecraft:copper_ingot"
        },
        {
            "item": "minecraft:ghast_tear"
        },
        {
            "item": "minecraft:copper_ingot"
        },
        {
            "item": "minecraft:deepslate_brick_stairs"
        },
        {
            "item": "minecraft:copper_ingot"
        },
        {
            "item": "minecraft:deepslate_brick_stairs"
        }
    ],
    "result": {
        "item": "minecraft:deepslate_copper_ore",
        "count": 1
    }
}