{
    "type": "minecraft:crafting_shapeless",
    "ingredients": [
        {
            "item": "minecraft:blackstone"
        },
        {
            "item": "minecraft:gold_block"
        },
        {
            "item": "minecraft:blackstone"
        },
        {
            "item": "minecraft:gold_block"
        },
        {
            "item": "minecraft:ghast_tear"
        },
        {
            "item": "minecraft:blackstone"
        },
        {
            "item": "minecraft:gold_block"
        },
        {
            "item": "minecraft:blackstone"
        },
        {
            "item": "minecraft:gold_block"
        }
    ],
    "result": {
        "item": "minecraft:gilded_blackstone",
        "count": 1
    }
}