{
    "type": "minecraft:crafting_shapeless",
    "ingredients": [
        {
            "item": "minecraft:lapis_block"
        },
        {
            "item": "minecraft:stone_brick_stairs"
        },
        {
            "item": "minecraft:lapis_block"
        },
        {
            "item": "minecraft:stone_brick_stairs"
        },
        {
            "item": "minecraft:ghast_tear"
        },
        {
            "item": "minecraft:stone_brick_stairs"
        },
        {
            "item": "minecraft:lapis_block"
        },
        {
            "item": "minecraft:stone_brick_stairs"
        },
        {
            "item": "minecraft:lapis_block"
        }
    ],
    "result": {
        "item": "minecraft:lapis_ore",
        "count": 1
    }
}