{
    "type": "minecraft:crafting_shapeless",
    "ingredients": [
        {
            "item": "minecraft:sculk_vein"
        },
        {
            "item": "minecraft:sculk_vein"
        },
        {
            "item": "minecraft:sculk_vein"
        },
        {
            "item": "minecraft:sculk_catalyst"
        },
        {
            "item": "minecraft:ender_eye"
        },
        {
            "item": "minecraft:sculk_catalyst"
        },
        {
            "item": "minecraft:sculk"
        },
        {
            "item": "minecraft:sculk"
        },
        {
            "item": "minecraft:sculk"
        }
    ],
    "result": {
        "item": "minecraft:sculk_shrieker",
        "count": 1
    }
}