{
    "type": "minecraft:crafting_shapeless",
    "ingredients": [
        {
            "item": "minecraft:coarse_dirt"
        },
        {
            "item": "minecraft:coarse_dirt"
        },
        {
            "item": "minecraft:coarse_dirt"
        },
        {
            "item": "minecraft:coarse_dirt"
        },
        {
            "item": "minecraft:soul_sand"
        },
        {
            "item": "minecraft:rooted_dirt"
        },
        {
            "item": "minecraft:rooted_dirt"
        },
        {
            "item": "minecraft:rooted_dirt"
        },
        {
            "item": "minecraft:rooted_dirt"
        }
    ],
    "result": {
        "item": "minecraft:soul_soil",
        "count": 4
    }
}