{
    "type": "minecraft:crafting_shaped",
    "pattern": [
        "#M#",
        "SHS",
        "#L#"
    ],
    "key": {
        "#": {
            "item": "minecraft:bone_meal"
        },
        "M": {
            "item": "minecraft:moss_block"
        },
        "S": {
            "item": "minecraft:moss_carpet"
        },
        "H": {
            "item": "minecraft:hanging_roots"
        },
        "L": {
            "item": "minecraft:lilac"
        }
    },
    "result": {
        "item": "minecraft:spore_blossom",
        "count": 1
    }
}