{
  "parent": "minecraft:recipes/root",
  "rewards": {
    "recipes": [
      "minecraft:dried_kelp_from_smoking"
    ]
  },
  "criteria": {
    "has_kelp": {
      "trigger": "minecraft:inventory_changed",
      "conditions": {
        "items": [
          {
            "items": [
              "minecraft:kelp"
            ]
          }
        ]
      }
    },
    "has_the_recipe": {
      "trigger": "minecraft:recipe_unlocked",
      "conditions": {
        "recipe": "minecraft:dried_kelp_from_smoking"
      }
    }
  },
  "requirements": [
    [
      "has_kelp",
      "has_the_recipe"
    ]
  ]
}